,EventTime,Origin,Destination
1,2023.246557,Tianjin,Inner Mongolia
2,2023.246767,Hubei,Beijing
3,2023.247297,Hubei,Qinghai
4,2023.247317,Sichuan,Yunnan
5,2023.247387,Hubei,Shanghai
6,2023.248017,Yunnan,Taiwan
7,2023.248047,Anhui,Jiangsu
8,2023.248757,Jiangsu,Yunnan
9,2023.249297,Jilin,Tianjin
10,2023.249297,Jiangsu,Jiangxi
11,2023.249297,Shanghai,Jiangsu
12,2023.249317,Hubei,Jiangsu
13,2023.249327,Guangdong,Jiangsu
14,2023.250427,Jiangsu,Yunnan
15,2023.250677,Hubei,Jiangsu
16,2023.250747,Sichuan,Anhui
17,2023.252027,Shanxi,Liaoning
18,2023.252037,Ningxia,Beijing
19,2023.252047,Sichuan,Shandong
20,2023.252047,Jilin,Beijing
21,2023.252047,Tianjin,Beijing
22,2023.252047,Zhejiang,Shanghai
23,2023.252047,Henan,Beijing
24,2023.252057,Jiangsu,Anhui
25,2023.252927,Shanghai,Sichuan
26,2023.254477,Yunnan,Shanghai
27,2023.254767,Yunnan,Anhui
28,2023.254777,Jilin,Anhui
29,2023.254777,Shanghai,Anhui
30,2023.254777,Henan,Anhui
31,2023.254787,Yunnan,Zhejiang
32,2023.254787,Inner Mongolia,Qinghai
33,2023.254807,Shanghai,Anhui
34,2023.254807,Zhejiang,Anhui
35,2023.254817,Hubei,Anhui
36,2023.255477,Hubei,Fujian
37,2023.255567,Liaoning,Yunnan
38,2023.256887,Hubei,Jiangxi
39,2023.257527,Beijing,Liaoning
40,2023.257527,Jilin,Heilongjiang
41,2023.257527,Anhui,Henan
42,2023.257977,Tianjin,Gansu
43,2023.258377,Jiangxi,Hubei
44,2023.260247,Jiangsu,Beijing
45,2023.260257,Beijing,Fujian
46,2023.260257,Yunnan,Heilongjiang
47,2023.260257,Zhejiang,Shanghai
48,2023.260257,Jiangxi,Fujian
49,2023.260267,Zhejiang,Shanghai
50,2023.260267,Zhejiang,Hubei
51,2023.260267,Anhui,Jiangxi
52,2023.260967,Henan,Liaoning
53,2023.262657,Hong Kong,Jiangxi
54,2023.262997,Anhui,Shanghai
55,2023.262997,Chongqing,Qinghai
56,2023.264077,Hubei,Zhejiang
57,2023.264527,Hubei,Gansu
58,2023.265727,Chongqing,Yunnan
59,2023.265737,Jiangsu,Zhejiang
60,2023.265737,Jiangsu,Yunnan
61,2023.265747,Zhejiang,Jiangsu
62,2023.265757,Shanghai,Jiangsu
63,2023.267227,Hubei,Jiangxi
64,2023.267597,Shanxi,Henan
65,2023.268467,Heilongjiang,Jiangsu
66,2023.268467,Liaoning,Sichuan
67,2023.268477,Xinjiang,Zhejiang
68,2023.268487,Sichuan,Zhejiang
69,2023.268497,Yunnan,Shanghai
70,2023.270737,Hubei,Henan
71,2023.271077,Jiangsu,Jiangxi
72,2023.271217,Heilongjiang,Sichuan
73,2023.271227,Yunnan,Sichuan
74,2023.271227,Hubei,Beijing
75,2023.271647,Hubei,Shanghai
76,2023.272997,Hubei,Gansu
77,2023.273957,Heilongjiang,Jiangsu
78,2023.273967,Hong Kong,Shanghai
79,2023.273967,Hubei,Zhejiang
80,2023.274807,Shanghai,Heilongjiang
81,2023.274897,Anhui,Jiangsu
82,2023.276367,Sichuan,Shanghai
83,2023.276947,Henan,Beijing
84,2023.277277,Hubei,Heilongjiang
85,2023.278347,Zhejiang,Jiangxi
86,2023.279427,Anhui,Zhejiang
87,2023.279437,Anhui,Heilongjiang
88,2023.279437,Gansu,Sichuan
89,2023.279447,Taiwan,Liaoning
90,2023.280387,Hong Kong,Guangdong
91,2023.282167,Tianjin,Shanxi
92,2023.282177,Anhui,Shanghai
93,2023.282177,Sichuan,Jiangsu
94,2023.282187,Shanghai,Henan
95,2023.282197,Beijing,Zhejiang
96,2023.282797,Hubei,Fujian
97,2023.284897,Hong Kong,Liaoning
98,2023.284927,Jiangsu,Shanghai
99,2023.284937,Fujian,Hubei
100,2023.284937,Shanghai,Jiangsu
101,2023.285217,Hubei,Shanghai
102,2023.287587,Shanghai,Sichuan
103,2023.287597,Anhui,Jiangsu
104,2023.287657,Liaoning,Hubei
105,2023.289067,Yunnan,Guangdong
106,2023.289507,Shanghai,Yunnan
107,2023.290387,Chongqing,Jiangxi
108,2023.290387,Henan,Hubei
109,2023.290397,Jilin,Liaoning
110,2023.290807,Henan,Anhui
111,2023.291647,Jiangsu,Guangdong
112,2023.293137,Liaoning,Heilongjiang
113,2023.294817,Hong Kong,Sichuan
114,2023.295877,Sichuan,Shanghai
115,2023.295877,Shanghai,Yunnan
116,2023.297777,Sichuan,Xinjiang
117,2023.298417,Hubei,Sichuan
118,2023.298607,Inner Mongolia,Beijing
119,2023.298607,Jiangsu,Shanghai
120,2023.298617,Jiangxi,Guangdong
121,2023.298617,Taiwan,Yunnan
122,2023.298617,Hong Kong,Guangdong
123,2023.298627,Taiwan,Shanghai
124,2023.298637,Jiangsu,Anhui
125,2023.299677,Hubei,Sichuan
126,2023.301297,Hubei,Henan
127,2023.301347,Jilin,Liaoning
128,2023.301347,Jiangsu,Jiangxi
129,2023.301357,Zhejiang,Shanghai
130,2023.301367,Xinjiang,Gansu
131,2023.301377,Anhui,Yunnan
132,2023.302317,Sichuan,Fujian
133,2023.302877,Henan,Shanghai
134,2023.303187,Shanghai,Beijing
135,2023.303847,Sichuan,Yunnan
136,2023.303947,Hubei,Shanghai
137,2023.304097,Hebei,Jiangsu
138,2023.304107,Hubei,Guangdong
139,2023.304127,Zhejiang,Liaoning
140,2023.305757,Hubei,Qinghai
141,2023.306217,Hubei,Guangdong
142,2023.306747,Henan,Shanxi
143,2023.306827,Chongqing,Guangdong
144,2023.306837,Shanxi,Shanghai
145,2023.306837,Taiwan,Beijing
146,2023.306847,Shanghai,Jiangsu
147,2023.306847,Zhejiang,Liaoning
148,2023.306847,Hubei,Beijing
149,2023.306857,Anhui,Henan
150,2023.307377,Hubei,Yunnan
151,2023.308037,Shaanxi,Shanxi
152,2023.308277,Jiangsu,Guangdong
153,2023.308617,Anhui,Beijing
154,2023.309567,Yunnan,Sichuan
155,2023.309577,Jilin,Shanghai
156,2023.309577,Hong Kong,Guangdong
157,2023.309587,Taiwan,Hong Kong
158,2023.309597,Hong Kong,Shanghai
159,2023.309597,Jiangsu,Shanghai
160,2023.309617,Fujian,Beijing
161,2023.310107,Hubei,Qinghai
162,2023.312317,Tianjin,Fujian
163,2023.312327,Sichuan,Jiangxi
164,2023.312327,Sichuan,Beijing
165,2023.312347,Guangdong,Henan
166,2023.313187,Jiangsu,Guangdong
167,2023.313267,Shanghai,Beijing
168,2023.313497,Hubei,Sichuan
169,2023.313557,Hubei,Jiangsu
170,2023.314647,Hubei,Yunnan
171,2023.315057,Sichuan,Henan
172,2023.315067,Sichuan,Shanghai
173,2023.315067,Zhejiang,Anhui
174,2023.315067,Shanghai,Guangdong
175,2023.315067,Sichuan,Heilongjiang
176,2023.315067,Zhejiang,Guangdong
177,2023.315077,Anhui,Guangdong
178,2023.315077,Taiwan,Jiangsu
179,2023.315077,Guangdong,Jiangsu
180,2023.315547,Anhui,Sichuan
181,2023.315887,Hubei,Guangdong
182,2023.315987,Henan,Beijing
183,2023.317787,Hainan,Henan
184,2023.317797,Shanghai,Guangdong
185,2023.317797,Shanghai,Henan
186,2023.317797,Yunnan,Guangdong
187,2023.317817,Jiangsu,Beijing
188,2023.317817,Sichuan,Henan
189,2023.317817,Shanghai,Hubei
190,2023.317827,Guangdong,Hong Kong
191,2023.317827,Hubei,Henan
192,2023.318337,Shanghai,Hubei
193,2023.320537,Inner Mongolia,Gansu
194,2023.320547,Tianjin,Gansu
195,2023.320547,Inner Mongolia,Gansu
196,2023.320547,Jilin,Guangdong
197,2023.320547,Yunnan,Shanghai
198,2023.320547,Fujian,Liaoning
199,2023.320547,Shanghai,Hubei
200,2023.320547,Hubei,Anhui
201,2023.320557,Jiangsu,Hubei
202,2023.320557,Anhui,Liaoning
203,2023.320557,Shanghai,Guangdong
204,2023.320567,Shanghai,Hong Kong
205,2023.322657,Jiangxi,Fujian
206,2023.322847,Jiangsu,Yunnan
207,2023.323267,Shandong,Sichuan
208,2023.323267,Guangxi,Guangdong
209,2023.323267,Tianjin,Liaoning
210,2023.323277,Shanghai,Hubei
211,2023.323277,Hubei,Sichuan
212,2023.323287,Liaoning,Shanxi
213,2023.323287,Guangdong,Shanghai
214,2023.323287,Shanghai,Jiangsu
215,2023.323287,Yunnan,Beijing
216,2023.323287,Shanghai,Jiangsu
217,2023.323287,Hubei,Guangdong
218,2023.323287,Hubei,Anhui
219,2023.323287,Hubei,Guangdong
220,2023.323287,Shanghai,Guangdong
221,2023.323287,Hubei,Sichuan
222,2023.323287,Hubei,Shanghai
223,2023.323297,Jiangsu,Guangdong
224,2023.323837,Jiangsu,Shanghai
225,2023.324297,Sichuan,Hubei
226,2023.324727,Hubei,Henan
227,2023.325997,Henan,Xinjiang
228,2023.326007,Heilongjiang,Yunnan
229,2023.326017,Sichuan,Fujian
230,2023.326017,Beijing,Fujian
231,2023.326017,Shanxi,Beijing
232,2023.326017,Jilin,Xinjiang
233,2023.326017,Jiangsu,Beijing
234,2023.326027,Fujian,Hubei
235,2023.326027,Hubei,Jiangsu
236,2023.326027,Hubei,Fujian
237,2023.326027,Hubei,Guangdong
238,2023.326027,Shanghai,Guangdong
239,2023.326027,Hubei,Guangdong
240,2023.326037,Shanghai,Hong Kong
241,2023.326047,Guangdong,Hong Kong
242,2023.326047,Hubei,Xinjiang
243,2023.327467,Beijing,Shanghai
244,2023.328387,Hubei,Zhejiang
245,2023.328757,Jiangsu,Beijing
246,2023.328757,Qinghai,Shanxi
247,2023.328767,Yunnan,Hubei
248,2023.328767,Shanghai,Hong Kong
249,2023.328767,Hubei,Zhejiang
250,2023.328767,Hubei,Zhejiang
251,2023.328777,Anhui,Jiangxi
252,2023.328777,Sichuan,Yunnan
253,2023.328787,Guangdong,Anhui
254,2023.328787,Shanghai,Guangdong
255,2023.329657,Hubei,Jiangsu
256,2023.331487,Yunnan,Jiangxi
257,2023.331497,Henan,Beijing
258,2023.331497,Shanghai,Beijing
259,2023.331507,Liaoning,Hubei
260,2023.331507,Hubei,Jiangxi
261,2023.331517,Jiangsu,Anhui
262,2023.331517,Jiangsu,Guangdong
263,2023.331527,Guangdong,Anhui
264,2023.331527,Anhui,Jiangsu
265,2023.334037,Sichuan,Jiangxi
266,2023.334227,Liaoning,Beijing
267,2023.334237,Tianjin,Xinjiang
268,2023.334247,Sichuan,Shanghai
269,2023.334247,Anhui,Yunnan
270,2023.334257,Jiangsu,Hong Kong
271,2023.334257,Shanghai,Yunnan
272,2023.334267,Henan,Fujian
273,2023.334267,Hubei,Beijing
274,2023.334267,Hubei,Beijing
275,2023.335147,Sichuan,Anhui
276,2023.336967,Heilongjiang,Beijing
277,2023.336977,Zhejiang,Sichuan
278,2023.336977,Hubei,Anhui
279,2023.336977,Hubei,Beijing
280,2023.336977,Henan,Anhui
281,2023.336977,Jiangsu,Anhui
282,2023.336987,Henan,Beijing
283,2023.336987,Yunnan,Hubei
284,2023.336987,Shanghai,Anhui
285,2023.336987,Yunnan,Guangdong
286,2023.336987,Yunnan,Guangdong
287,2023.336987,Zhejiang,Anhui
288,2023.336987,Sichuan,Beijing
289,2023.336987,Henan,Anhui
290,2023.336997,Heilongjiang,Liaoning
291,2023.337487,Hubei,Shanghai
292,2023.337907,Hubei,Sichuan
293,2023.338527,Guangdong,Hubei
294,2023.339517,Hubei,Heilongjiang
295,2023.339707,Yunnan,Beijing
296,2023.339717,Jilin,Hubei
297,2023.339717,Tianjin,Xinjiang
298,2023.339717,Sichuan,Shanghai
299,2023.339717,Beijing,Guangdong
300,2023.339717,Hong Kong,Jiangxi
301,2023.339717,Hubei,Shanghai
302,2023.339727,Sichuan,Beijing
303,2023.339727,Sichuan,Shanghai
304,2023.339727,Hubei,Guangdong
305,2023.339727,Hubei,Beijing
306,2023.339727,Henan,Beijing
307,2023.339737,Hubei,Jiangxi
308,2023.339737,Hubei,Jiangxi
309,2023.339737,Hubei,Jiangxi
310,2023.339907,Shanghai,Guangdong
311,2023.342447,Fujian,Heilongjiang
312,2023.342457,Sichuan,Shanghai
313,2023.342457,Beijing,Shanghai
314,2023.342457,Sichuan,Jiangxi
315,2023.342457,Hubei,Beijing
316,2023.342457,Anhui,Heilongjiang
317,2023.342467,Henan,Shanghai
318,2023.342467,Sichuan,Jiangsu
319,2023.342467,Sichuan,Anhui
320,2023.342467,Fujian,Shanghai
321,2023.342467,Hubei,Jiangxi
322,2023.342467,Hubei,Sichuan
323,2023.342467,Hubei,Beijing
324,2023.342477,Sichuan,Guangdong
325,2023.342477,Hubei,Shanghai
326,2023.342477,Shanghai,Guangdong
327,2023.342477,Anhui,Zhejiang
328,2023.342487,Hubei,Zhejiang
329,2023.342767,Hubei,Shanxi
330,2023.342967,Liaoning,Hubei
331,2023.345187,Guangdong,Hubei
332,2023.345197,Sichuan,Yunnan
333,2023.345197,Tianjin,Liaoning
334,2023.345197,Jiangsu,Shanghai
335,2023.345197,Yunnan,Beijing
336,2023.345197,Beijing,Guangdong
337,2023.345197,Hubei,Guangdong
338,2023.345197,Hubei,Beijing
339,2023.345197,Hong Kong,Beijing
340,2023.345207,Hubei,Yunnan
341,2023.345207,Hubei,Guangdong
342,2023.345207,Hubei,Anhui
343,2023.345207,Sichuan,Hubei
344,2023.345207,Jiangxi,Fujian
345,2023.345207,Gansu,Jiangxi
346,2023.345207,Jiangsu,Guangdong
347,2023.345217,Jiangsu,Fujian
348,2023.345217,Hubei,Beijing
349,2023.345217,Jiangsu,Guangdong
350,2023.345217,Anhui,Qinghai
351,2023.345217,Shanghai,Guangdong
352,2023.345237,Beijing,Sichuan
353,2023.345457,Hubei,Shanghai
354,2023.347237,Anhui,Heilongjiang
355,2023.347937,Liaoning,Beijing
356,2023.347937,Tianjin,Gansu
357,2023.347937,Jiangxi,Yunnan
358,2023.347937,Yunnan,Jiangxi
359,2023.347937,Sichuan,Jiangxi
360,2023.347937,Jiangsu,Guangdong
361,2023.347937,Jiangsu,Anhui
362,2023.347947,Hong Kong,Yunnan
363,2023.347947,Shanghai,Jiangxi
364,2023.347947,Beijing,Jiangxi
365,2023.347947,Guangdong,Jiangxi
366,2023.347947,Guangdong,Jiangxi
367,2023.347947,Hubei,Sichuan
368,2023.347947,Jiangsu,Anhui
369,2023.347947,Yunnan,Anhui
370,2023.347947,Yunnan,Jiangxi
371,2023.347947,Hubei,Guangdong
372,2023.347947,Jiangxi,Fujian
373,2023.347947,Henan,Jiangsu
374,2023.347947,Zhejiang,Shanxi
375,2023.347947,Shanghai,Beijing
376,2023.347957,Shanghai,Yunnan
377,2023.347957,Hubei,Beijing
378,2023.349337,Jiangsu,Hong Kong
379,2023.349707,Hubei,Jiangsu
380,2023.350667,Henan,Guangdong
381,2023.350677,Shanghai,Fujian
382,2023.350677,Liaoning,Jiangxi
383,2023.350677,Shanghai,Anhui
384,2023.350687,Sichuan,Hubei
385,2023.350687,Sichuan,Hubei
386,2023.350687,Hubei,Anhui
387,2023.350687,Hubei,Beijing
388,2023.350687,Shanghai,Guangdong
389,2023.350687,Henan,Beijing
390,2023.351767,Hubei,Jiangsu
391,2023.352137,Hubei,Gansu
392,2023.353417,Shanghai,Beijing
393,2023.353427,Shanghai,Guangdong
394,2023.353437,Jiangsu,Yunnan
395,2023.353437,Hubei,Jiangxi
396,2023.353437,Shanghai,Jiangsu
397,2023.353437,Shanghai,Sichuan
398,2023.353877,Hubei,Sichuan
399,2023.354327,Anhui,Beijing
400,2023.356157,Tianjin,Heilongjiang
401,2023.356157,Hubei,Guangdong
402,2023.356157,Hubei,Guangdong
403,2023.356157,Hubei,Beijing
404,2023.356157,Henan,Beijing
405,2023.356167,Shanghai,Beijing
406,2023.356167,Sichuan,Shanghai
407,2023.356167,Sichuan,Yunnan
408,2023.356167,Guangdong,Jiangxi
409,2023.356167,Hubei,Beijing
410,2023.356167,Yunnan,Shanghai
411,2023.356177,Guangdong,Heilongjiang
412,2023.356187,Guangdong,Hong Kong
413,2023.356187,Beijing,Heilongjiang
414,2023.357507,Taiwan,Fujian
415,2023.358897,Liaoning,Fujian
416,2023.358897,Hubei,Shanxi
417,2023.358897,Henan,Beijing
418,2023.358907,Hubei,Beijing
419,2023.358907,Hubei,Yunnan
420,2023.359797,Hubei,Henan
421,2023.360437,Hong Kong,Shanghai
422,2023.361497,Hubei,Heilongjiang
423,2023.361627,Shanghai,Shanxi
424,2023.361627,Hong Kong,Guangdong
425,2023.361637,Liaoning,Shanxi
426,2023.361637,Tianjin,Shanxi
427,2023.361637,Shanghai,Fujian
428,2023.361637,Henan,Shanxi
429,2023.361647,Guangdong,Hong Kong
430,2023.361647,Hubei,Yunnan
431,2023.361657,Hubei,Anhui
432,2023.361657,Hubei,Gansu
433,2023.361667,Anhui,Shanxi
434,2023.361667,Anhui,Shanxi
435,2023.361667,Shanghai,Shanxi
436,2023.364377,Taiwan,Jiangxi
437,2023.364377,Sichuan,Yunnan
438,2023.364377,Hubei,Shanxi
439,2023.364387,Hong Kong,Yunnan
440,2023.364387,Liaoning,Shanxi
441,2023.364387,Shanghai,Jiangsu
442,2023.364387,Hubei,Shanghai
443,2023.364387,Hubei,Shanxi
444,2023.364397,Hubei,Sichuan
445,2023.364407,Anhui,Yunnan
446,2023.365677,Yunnan,Henan
447,2023.367117,Yunnan,Gansu
448,2023.367117,Jiangsu,Yunnan
449,2023.367117,Sichuan,Fujian
450,2023.367117,Sichuan,Yunnan
451,2023.367137,Hubei,Yunnan
452,2023.368547,Gansu,Xinjiang
453,2023.369857,Shanghai,Fujian
454,2023.369857,Jiangxi,Fujian
455,2023.369857,Hubei,Taiwan
456,2023.369857,Zhejiang,Shanghai
457,2023.369867,Sichuan,Yunnan
458,2023.369867,Shanghai,Hong Kong
459,2023.369877,Sichuan,Jiangsu
460,2023.369887,Henan,Taiwan
461,2023.370127,Shanghai,Henan
462,2023.370537,Hubei,Yunnan
463,2023.372607,Hubei,Fujian
464,2023.372617,Jiangsu,Jiangxi
465,2023.372617,Sichuan,Yunnan
466,2023.373507,Hubei,Guangdong
467,2023.373637,Henan,Hong Kong
468,2023.375337,Liaoning,Yunnan
469,2023.375337,Jiangsu,Anhui
470,2023.375337,Guangdong,Shanghai
471,2023.375337,Sichuan,Shanghai
472,2023.375337,Hubei,Yunnan
473,2023.375347,Hubei,Heilongjiang
474,2023.375347,Anhui,Jiangxi
475,2023.375347,Hubei,Jiangsu
476,2023.375347,Hubei,Fujian
477,2023.375357,Anhui,Shanghai
478,2023.375357,Hubei,Qinghai
479,2023.375357,Shanghai,Fujian
480,2023.378077,Fujian,Jiangsu
481,2023.378077,Sichuan,Shanghai
482,2023.378077,Beijing,Jiangsu
483,2023.378087,Beijing,Heilongjiang
484,2023.378087,Hubei,Sichuan
485,2023.378087,Hubei,Jiangxi
486,2023.378087,Hubei,Gansu
487,2023.378097,Jiangsu,Anhui
488,2023.378097,Hubei,Qinghai
489,2023.380807,Jiangsu,Yunnan
490,2023.380817,Hubei,Jiangxi
491,2023.380817,Hubei,Yunnan
492,2023.380817,Hubei,Henan
493,2023.380847,Guangdong,Jiangsu
494,2023.383057,Yunnan,Taiwan
495,2023.383557,Beijing,Hong Kong
496,2023.383567,Hubei,Yunnan
497,2023.386297,Shanghai,Gansu
498,2023.386297,Liaoning,Shanxi
499,2023.386297,Beijing,Jiangxi
500,2023.386297,Hubei,Beijing
501,2023.386297,Hubei,Gansu
502,2023.386307,Jiangsu,Shanghai
503,2023.386307,Jiangsu,Xinjiang
504,2023.386307,Hubei,Fujian
505,2023.386307,Shanghai,Jiangsu
506,2023.386307,Yunnan,Sichuan
507,2023.386307,Shanghai,Sichuan
508,2023.386307,Yunnan,Gansu
509,2023.386307,Guangdong,Beijing
510,2023.386317,Jiangsu,Shanghai
511,2023.386947,Hong Kong,Shanghai
512,2023.388627,Shanghai,Henan
513,2023.389037,Liaoning,Shanxi
514,2023.389037,Hubei,Shanxi
515,2023.389037,Liaoning,Shanxi
516,2023.389037,Hubei,Sichuan
517,2023.389047,Shanghai,Jiangxi
518,2023.389047,Anhui,Shanxi
519,2023.391787,Sichuan,Anhui
520,2023.391797,Jiangsu,Heilongjiang
521,2023.394507,Guangdong,Beijing
522,2023.394517,Hubei,Heilongjiang
523,2023.394517,Hubei,Jiangxi
524,2023.394517,Henan,Gansu
525,2023.394517,Henan,Qinghai
526,2023.394527,Jiangsu,Jiangxi
527,2023.394527,Shanghai,Heilongjiang
528,2023.394527,Shanghai,Jiangsu
529,2023.394537,Anhui,Jiangsu
530,2023.394537,Beijing,Heilongjiang
531,2023.394547,Anhui,Jiangsu
532,2023.397257,Liaoning,Heilongjiang
533,2023.397257,Hubei,Henan
534,2023.397257,Hubei,Jiangxi
535,2023.397257,Anhui,Henan
536,2023.397257,Hubei,Gansu
537,2023.397257,Hubei,Heilongjiang
538,2023.397267,Sichuan,Gansu
539,2023.397267,Jiangsu,Yunnan
540,2023.397267,Hubei,Jiangxi
541,2023.397267,Shanghai,Sichuan
542,2023.397277,Jiangsu,Heilongjiang
543,2023.397277,Hubei,Xinjiang
544,2023.397277,Anhui,Qinghai
545,2023.397287,Henan,Gansu
546,2023.399987,Beijing,Henan
547,2023.399997,Beijing,Shanghai
548,2023.399997,Sichuan,Hubei
549,2023.399997,Hubei,Jiangxi
550,2023.399997,Hubei,Sichuan
551,2023.400007,Beijing,Henan
552,2023.400007,Jiangsu,Henan
553,2023.400007,Hubei,Sichuan
554,2023.400007,Shanghai,Henan
555,2023.400017,Heilongjiang,Anhui
556,2023.400017,Anhui,Henan
557,2023.400017,Guangdong,Hong Kong
558,2023.400017,Jiangsu,Shanghai
559,2023.400017,Beijing,Yunnan
560,2023.400017,Henan,Qinghai
561,2023.400627,Jiangsu,Shanghai
562,2023.401887,Qinghai,Gansu
563,2023.402737,Hubei,Yunnan
564,2023.402747,Jiangsu,Heilongjiang
565,2023.402747,Jiangsu,Yunnan
566,2023.402757,Jiangsu,Henan
567,2023.405467,Beijing,Qinghai
568,2023.405477,Sichuan,Yunnan
569,2023.405497,Anhui,Henan
570,2023.408217,Sichuan,Henan
571,2023.408217,Jiangsu,Heilongjiang
572,2023.408227,Hubei,Yunnan
573,2023.408237,Beijing,Gansu
574,2023.408247,Shanghai,Sichuan
575,2023.408247,Hubei,Xinjiang
576,2023.410947,Sichuan,Yunnan
577,2023.410957,Beijing,Heilongjiang
578,2023.410957,Henan,Qinghai
579,2023.410957,Beijing,Henan
580,2023.410957,Hubei,Xinjiang
581,2023.410967,Hubei,Heilongjiang
582,2023.410977,Shanghai,Henan
583,2023.413687,Henan,Heilongjiang
584,2023.413697,Hubei,Jiangxi
585,2023.413697,Sichuan,Jiangxi
586,2023.413697,Shanghai,Henan
587,2023.413697,Hubei,Jiangxi
588,2023.413697,Hubei,Jiangxi
589,2023.413697,Hubei,Shanxi
590,2023.413697,Hubei,Jiangsu
591,2023.413697,Hubei,Heilongjiang
592,2023.413707,Hubei,Fujian
593,2023.413707,Hubei,Shanxi
594,2023.413717,Jiangsu,Heilongjiang
595,2023.416427,Taiwan,Yunnan
596,2023.416437,Hubei,Heilongjiang
597,2023.416437,Hubei,Shanghai
598,2023.416447,Sichuan,Yunnan
599,2023.416447,Jiangsu,Henan
600,2023.416447,Hubei,Heilongjiang
601,2023.416447,Shanghai,Heilongjiang
602,2023.421127,Henan,Sichuan
603,2023.421917,Liaoning,Shanxi
604,2023.421917,Hubei,Jiangxi
605,2023.421917,Anhui,Jiangsu
606,2023.421917,Zhejiang,Shanxi
607,2023.421917,Hubei,Jiangxi
608,2023.421917,Shanghai,Yunnan
609,2023.421917,Hubei,Sichuan
610,2023.421917,Henan,Shanxi
611,2023.421917,Xinjiang,Yunnan
612,2023.421927,Jiangsu,Anhui
613,2023.421927,Hubei,Yunnan
614,2023.421927,Shanghai,Sichuan
615,2023.421927,Hubei,Gansu
616,2023.421937,Yunnan,Anhui
617,2023.421937,Hubei,Jiangxi
618,2023.421947,Henan,Shanxi
619,2023.422177,Hong Kong,Shanghai
620,2023.424097,Hubei,Yunnan
621,2023.424657,Anhui,Fujian
622,2023.424657,Shanxi,Heilongjiang
623,2023.427387,Hubei,Qinghai
624,2023.427387,Hubei,Henan
625,2023.427387,Beijing,Jiangxi
626,2023.427407,Shanghai,Yunnan
627,2023.430127,Jiangsu,Henan
628,2023.430137,Beijing,Shanghai
629,2023.430137,Jiangsu,Henan
630,2023.430137,Jiangsu,Shanghai
631,2023.430137,Hubei,Qinghai
632,2023.430137,Shanghai,Henan
633,2023.430147,Jiangsu,Henan
634,2023.430157,Taiwan,Yunnan
635,2023.430157,Hubei,Jiangxi
636,2023.432877,Liaoning,Shanghai
637,2023.432877,Yunnan,Fujian
638,2023.432877,Henan,Anhui
639,2023.432877,Hubei,Anhui
640,2023.432877,Shanghai,Jiangxi
641,2023.432877,Hubei,Heilongjiang
642,2023.432877,Shanghai,Heilongjiang
643,2023.432877,Hubei,Gansu
644,2023.432887,Jiangsu,Fujian
645,2023.432887,Jiangsu,Heilongjiang
646,2023.432887,Jiangsu,Heilongjiang
647,2023.432887,Hubei,Sichuan
648,2023.432887,Yunnan,Heilongjiang
649,2023.435597,Taiwan,Fujian
650,2023.435607,Hubei,Fujian
651,2023.435607,Hubei,Yunnan
652,2023.435617,Shanghai,Sichuan
653,2023.435617,Sichuan,Heilongjiang
654,2023.435617,Hubei,Heilongjiang
655,2023.435617,Hubei,Gansu
656,2023.435617,Henan,Gansu
657,2023.435617,Henan,Hubei
658,2023.435627,Hubei,Xinjiang
659,2023.435627,Shanghai,Heilongjiang
660,2023.435627,Yunnan,Sichuan
661,2023.435637,Beijing,Gansu
662,2023.438347,Zhejiang,Fujian
663,2023.438357,Liaoning,Yunnan
664,2023.438357,Henan,Xinjiang
665,2023.438357,Jiangsu,Zhejiang
666,2023.438357,Yunnan,Taiwan
667,2023.438357,Hubei,Jiangxi
668,2023.438367,Hubei,Yunnan
669,2023.438367,Xinjiang,Shanghai
670,2023.438367,Hubei,Zhejiang
671,2023.438367,Anhui,Hubei
672,2023.438377,Guangdong,Hong Kong
673,2023.439247,Hubei,Anhui
674,2023.441087,Henan,Fujian
675,2023.441097,Jiangsu,Zhejiang
676,2023.441097,Hubei,Heilongjiang
677,2023.441097,Henan,Anhui
678,2023.441107,Sichuan,Heilongjiang
679,2023.441117,Fujian,Shanghai
680,2023.443837,Hubei,Zhejiang
681,2023.443837,Hubei,Qinghai
682,2023.443847,Hubei,Yunnan
683,2023.443847,Hubei,Zhejiang
684,2023.443857,Hubei,Zhejiang
685,2023.443857,Hubei,Zhejiang
686,2023.444877,Henan,Shanghai
687,2023.445697,Shanghai,Sichuan
688,2023.446557,Taiwan,Fujian
689,2023.447367,Henan,Anhui
690,2023.449317,Fujian,Henan
691,2023.449317,Hubei,Sichuan
692,2023.449327,Jiangsu,Henan
693,2023.449327,Jiangsu,Anhui
694,2023.449327,Hubei,Sichuan
695,2023.452047,Jiangxi,Fujian
696,2023.452047,Anhui,Yunnan
697,2023.452047,Henan,Fujian
698,2023.452047,Xinjiang,Heilongjiang
699,2023.452057,Sichuan,Shanghai
700,2023.452057,Shanghai,Henan
701,2023.452057,Hubei,Heilongjiang
702,2023.452067,Jiangxi,Hubei
703,2023.452067,Hubei,Heilongjiang
704,2023.452067,Beijing,Heilongjiang
705,2023.452067,Hubei,Henan
706,2023.454127,Henan,Shanxi
707,2023.454787,Taiwan,Shanghai
708,2023.454787,Beijing,Fujian
709,2023.454787,Hubei,Hong Kong
710,2023.454797,Jiangsu,Anhui
711,2023.454797,Hubei,Zhejiang
712,2023.454807,Anhui,Fujian
713,2023.454807,Hubei,Henan
714,2023.454807,Anhui,Zhejiang
715,2023.454817,Beijing,Heilongjiang
716,2023.454817,Hubei,Zhejiang
717,2023.457537,Hubei,Xinjiang
718,2023.457537,Hubei,Yunnan
719,2023.457537,Hubei,Taiwan
720,2023.457537,Hubei,Gansu
721,2023.457537,Hubei,Gansu
722,2023.457547,Jiangsu,Shanghai
723,2023.457547,Shanghai,Heilongjiang
724,2023.457547,Henan,Gansu
725,2023.457547,Jiangsu,Fujian
726,2023.457547,Hubei,Zhejiang
727,2023.457617,Yunnan,Xinjiang
728,2023.460087,Henan,Sichuan
729,2023.460267,Hubei,Gansu
730,2023.460277,Beijing,Fujian
731,2023.460277,Gansu,Zhejiang
732,2023.460277,Hubei,Zhejiang
733,2023.460287,Jiangsu,Shanghai
734,2023.460287,Jiangsu,Fujian
735,2023.461347,Qinghai,Gansu
736,2023.463007,Anhui,Shanxi
737,2023.463007,Hubei,Shanxi
738,2023.463007,Hubei,Shanxi
739,2023.463007,Hong Kong,Shanxi
740,2023.463027,Hubei,Zhejiang
741,2023.468487,Jiangsu,Heilongjiang
742,2023.468497,Yunnan,Shanghai
743,2023.468507,Sichuan,Henan
744,2023.468507,Shanghai,Heilongjiang
745,2023.468507,Hubei,Heilongjiang
746,2023.471107,Fujian,Anhui
747,2023.471217,Guangdong,Anhui
748,2023.471227,Fujian,Heilongjiang
749,2023.471227,Liaoning,Heilongjiang
750,2023.471227,Guangdong,Fujian
751,2023.471237,Hubei,Xinjiang
752,2023.471237,Hubei,Henan
753,2023.471237,Yunnan,Jiangsu
754,2023.471237,Hubei,Heilongjiang
755,2023.471237,Henan,Jiangsu
756,2023.471237,Gansu,Tianjin
757,2023.471247,Jiangsu,Shanghai
758,2023.471247,Shanghai,Sichuan
759,2023.471257,Guangdong,Jiangsu
760,2023.473967,Qinghai,Shanxi
761,2023.473977,Beijing,Heilongjiang
762,2023.473977,Jiangsu,Anhui
763,2023.473977,Hubei,Xinjiang
764,2023.473977,Hubei,Henan
765,2023.473977,Hubei,Jiangsu
766,2023.473987,Anhui,Fujian
767,2023.473987,Jiangsu,Hubei
768,2023.473987,Jiangsu,Hong Kong
769,2023.473987,Hubei,Shanxi
770,2023.473987,Hubei,Heilongjiang
771,2023.476707,Hubei,Xinjiang
772,2023.476717,Anhui,Jiangsu
773,2023.476717,Hubei,Jiangsu
774,2023.476727,Hubei,Shanxi
775,2023.476737,Henan,Xinjiang
776,2023.479447,Hong Kong,Xinjiang
777,2023.482187,Anhui,Shanxi
778,2023.482197,Hubei,Xinjiang
779,2023.482197,Heilongjiang,Tianjin
780,2023.482207,Hubei,Henan
781,2023.484917,Guangdong,Hong Kong
782,2023.484937,Hubei,Tianjin
783,2023.484937,Hubei,Tianjin
784,2023.484937,Hubei,Shanxi
785,2023.484957,Hubei,Shanxi
786,2023.487657,Henan,Hong Kong
787,2023.487667,Jiangsu,Henan
788,2023.487667,Heilongjiang,Sichuan
789,2023.487677,Hubei,Tianjin
790,2023.487687,Shanghai,Jiangsu
791,2023.487687,Hubei,Jiangsu
792,2023.490367,Henan,Hubei
793,2023.490397,Heilongjiang,Shanxi
794,2023.490407,Jiangsu,Tianjin
795,2023.490417,Anhui,Jiangsu
796,2023.490417,Shanghai,Taiwan
797,2023.490417,Shanghai,Anhui
798,2023.490417,Hubei,Xinjiang
799,2023.493147,Liaoning,Xinjiang
800,2023.493147,Shanghai,Taiwan
801,2023.493147,Yunnan,Xinjiang
802,2023.493147,Jiangsu,Fujian
803,2023.493147,Gansu,Xinjiang
804,2023.493147,Hubei,Jiangsu
805,2023.495887,Gansu,Qinghai
806,2023.495887,Gansu,Qinghai
807,2023.495887,Guangdong,Hong Kong
808,2023.495887,Hubei,Xinjiang
809,2023.495897,Anhui,Jiangsu
810,2023.495897,Hubei,Jiangsu
811,2023.495907,Anhui,Shanghai
812,2023.495907,Jiangsu,Shanghai
813,2023.495907,Anhui,Gansu
814,2023.495917,Henan,Hong Kong
815,2023.498627,Sichuan,Xinjiang
816,2023.498627,Hubei,Qinghai
817,2023.501357,Hong Kong,Taiwan
818,2023.501367,Hubei,Qinghai
819,2023.501367,Hubei,Hong Kong
820,2023.501377,Sichuan,Xinjiang
821,2023.501377,Hubei,Jiangsu
822,2023.504097,Guangdong,Hong Kong
823,2023.504117,Hubei,Jiangsu
824,2023.504117,Hubei,Xinjiang
825,2023.504137,Hubei,Taiwan
826,2023.506847,Jiangxi,Fujian
827,2023.506877,Anhui,Yunnan
828,2023.506877,Jiangxi,Fujian
829,2023.509587,Shanxi,Xinjiang
830,2023.509587,Jiangsu,Gansu
831,2023.509587,Hubei,Shanxi
832,2023.509587,Heilongjiang,Shanxi
833,2023.509597,Hubei,Xinjiang
834,2023.509597,Anhui,Fujian
835,2023.512327,Liaoning,Xinjiang
836,2023.512327,Hubei,Anhui
837,2023.512327,Hubei,Xinjiang
838,2023.512327,Hubei,Sichuan
839,2023.512337,Yunnan,Xinjiang
840,2023.512337,Taiwan,Yunnan
841,2023.512347,Hubei,Shanxi
842,2023.512357,Hubei,Xinjiang
843,2023.512357,Hubei,Taiwan
844,2023.515057,Jiangxi,Henan
845,2023.515057,Hubei,Sichuan
846,2023.515057,Hubei,Hong Kong
847,2023.515067,Beijing,Shanghai
848,2023.515067,Henan,Jiangsu
849,2023.515067,Sichuan,Yunnan
850,2023.515067,Hubei,Yunnan
851,2023.515067,Shanghai,Yunnan
852,2023.515067,Jiangsu,Qinghai
853,2023.515067,Hubei,Jiangsu
854,2023.515077,Hubei,Jiangsu
855,2023.516467,Jiangsu,Xinjiang
856,2023.517807,Sichuan,Fujian
857,2023.517807,Hubei,Xinjiang
858,2023.517807,Henan,Shanxi
859,2023.517817,Hubei,Xinjiang
860,2023.517817,Hubei,Sichuan
861,2023.520537,Sichuan,Fujian
862,2023.520547,Anhui,Hong Kong
863,2023.520547,Hubei,Guizhou
864,2023.520567,Hubei,Guizhou
865,2023.520577,Shanghai,Sichuan
866,2023.523277,Jiangxi,Xinjiang
867,2023.523287,Jiangsu,Hong Kong
