index;seqName;clade;Nextclade_pango;partiallyAliased;clade_nextstrain;clade_who;clade_display;qc.overallScore;qc.overallStatus;totalSubstitutions;totalDeletions;totalInsertions;totalFrameShifts;totalMissing;totalNonACGTNs;totalAminoacidSubstitutions;totalAminoacidDeletions;totalAminoacidInsertions;totalUnknownAa;alignmentScore;alignmentStart;alignmentEnd;coverage;isReverseComplement;substitutions;deletions;insertions;frameShifts;aaSubstitutions;aaDeletions;aaInsertions;privateNucMutations.reversionSubstitutions;privateNucMutations.labeledSubstitutions;privateNucMutations.unlabeledSubstitutions;privateNucMutations.totalReversionSubstitutions;privateNucMutations.totalLabeledSubstitutions;privateNucMutations.totalUnlabeledSubstitutions;privateNucMutations.totalPrivateSubstitutions;missing;unknownAaRanges;nonACGTNs;qc.missingData.missingDataThreshold;qc.missingData.score;qc.missingData.status;qc.missingData.totalMissing;qc.mixedSites.mixedSitesThreshold;qc.mixedSites.score;qc.mixedSites.status;qc.mixedSites.totalMixedSites;qc.privateMutations.cutoff;qc.privateMutations.excess;qc.privateMutations.score;qc.privateMutations.status;qc.privateMutations.total;qc.snpClusters.clusteredSNPs;qc.snpClusters.score;qc.snpClusters.status;qc.snpClusters.totalSNPs;qc.frameShifts.frameShifts;qc.frameShifts.totalFrameShifts;qc.frameShifts.frameShiftsIgnored;qc.frameShifts.totalFrameShiftsIgnored;qc.frameShifts.score;qc.frameShifts.status;qc.stopCodons.stopCodons;qc.stopCodons.totalStopCodons;qc.stopCodons.score;qc.stopCodons.status;totalPcrPrimerChanges;pcrPrimerChanges;failedGenes;warnings;errors
7;hCoV-19/Anhui/HCDC-133/2023;23F;EG.5.1.1;XBB.1.9.2.5.1.1;23F;Omicron;23F (EG.5.1);0;good;109;56;0;0;0;0;75;13;0;0;88767;38;29839;0.9966224124669766;false;C44T,C241T,A405G,T670G,G1440A,C2334T,C2790T,C3037T,G4184A,C4321T,G5720A,C6541T,A6790G,C9344T,A9424G,C9534T,C9693T,C9866T,C10029T,C10198T,G10447A,C10449A,G11083T,C12789T,C12880T,G13627A,C14408T,G15451A,C15714T,C15738T,T15939C,T16342C,A16878T,C17410T,T17859C,A18163G,A18492G,C19017T,A19326G,C19955T,A20055G,C21618T,G21718T,T21810C,G21987A,C22000A,C22109G,T22200A,G22317T,C22480T,G22577C,G22578A,G22599C,C22664A,C22674T,T22679C,C22686T,A22688G,G22775A,A22786C,G22813T,T22882G,G22895C,T22896C,G22898A,T22930A,T22942G,G22992A,C22995A,A23013C,T23018C,T23019C,T23031C,A23055G,A23063T,T23075C,A23403G,C23525T,T23599G,C23604A,C23854A,G23948T,A24424T,T24469A,C25000T,C25416T,C25572T,C25584T,C26060T,C26270T,A26275G,C26577G,G26709A,C26858T,A27259C,G27382C,A27383T,T27384C,A27507C,C27807T,G27915T,A28271T,T28297C,C28311T,G28881A,G28882A,G28883C,A29510C,C29625T;11288-11296,21633-21641,21992-21994,28362-28370,29734-29759;;;E:T9I,E:T11A,M:Q19E,M:A63T,N:P13L,N:R203K,N:G204R,N:S413R,ORF1a:K47R,ORF1a:S135R,ORF1a:G392D,ORF1a:A690V,ORF1a:T842I,ORF1a:G1307S,ORF1a:G1819S,ORF1a:L3027F,ORF1a:T3090I,ORF1a:A3143V,ORF1a:L3201F,ORF1a:T3255I,ORF1a:P3395H,ORF1a:L3606F,ORF1a:T4175I,ORF1b:D54N,ORF1b:P314L,ORF1b:G662S,ORF1b:S959P,ORF1b:R1315C,ORF1b:I1566V,ORF1b:T2163I,ORF3a:T223I,ORF6:D61L,ORF8:G8*,ORF9b:I5T,ORF9b:P10S,S:T19I,S:A27S,S:Q52H,S:V83A,S:G142D,S:H146Q,S:Q183E,S:V213E,S:G252V,S:G339H,S:R346T,S:L368I,S:S371F,S:S373P,S:S375F,S:T376A,S:D405N,S:R408S,S:K417N,S:N440K,S:V445P,S:G446S,S:F456L,S:N460K,S:S477N,S:T478K,S:E484A,S:F486P,S:F490S,S:Q498R,S:N501Y,S:Y505H,S:D614G,S:H655Y,S:N679K,S:P681H,S:N764K,S:D796Y,S:Q954H,S:N969K;N:E31-,N:R32-,N:S33-,ORF1a:S3675-,ORF1a:G3676-,ORF1a:F3677-,ORF9b:E27-,ORF9b:N28-,ORF9b:A29-,S:L24-,S:P25-,S:P26-,S:Y144-;;;G11083T|19A;C44T,G1440A,A6790G,C19017T;0;1;4;5;;;;3000;0;good;0;10;0;good;0;24;0;0;good;8;;0;good;0;;0;;0;0;good;;0;0;good;9;"Charité_RdRp_F:G15451A,Charité_E_F:C26270T;A26275G,ChinaCDC_N_F:G28881A;G28882A;G28883C,USCDC_N1_F:T28297C,USCDC_N1_P:C28311T,Pasteur_IP2_R:C12789T";;;
0;hCoV-19/Shanghai/SCDC-XG07-10625/2023;22D;FR.1.1;BA.2.75.5.1.2.3.1.1;22D;Omicron;22D (BA.2.75);0;good;103;53;4;1;0;0;71;12;1;32;88878;25;29852;0.9974918904457747;false;C44T,C241T,C337T,T670G,C1142T,C1471T,C1513T,T2372C,C2790T,C3037T,C3261T,C3796T,C3927T,G4184A,C4321T,C4586T,C5183T,C7318T,C9344T,A9424G,C9534T,C9866T,C10029T,C10198T,G10447A,C10449A,C11416T,T11515C,A12444G,C12880T,G13109A,C14408T,T14961C,G15451A,C15714T,C17410T,A18163G,C19955T,A20055G,C20235T,C21618T,C21807A,G21987A,A22001G,T22016C,C22033A,A22121G,A22190G,T22200G,G22331A,G22577C,G22578A,G22599C,A22629C,C22674T,T22679C,C22686T,A22688G,G22775A,A22786C,G22813T,T22882G,G22898A,T22942G,G22992A,C22995A,A23013C,T23031C,A23055G,A23063T,T23075C,A23403G,C23525T,T23599G,C23604A,C23854A,G23948T,A24424T,T24469A,C25000T,C25416T,C25572T,C25584T,C26060T,C26270T,A26275G,A26459G,C26577G,G26709A,C26858T,A27259C,G27382C,A27383T,T27384C,C27807T,A28271T,C28311T,G28881A,G28882A,G28883C,T29344C,C29370T,A29510C;11288-11296,21633-21641,28362-28370,29734-29759;27791:TTTT;ORF7b:13-44;E:T9I,E:T11A,E:D72G,M:Q19E,M:A63T,N:P13L,N:R203K,N:G204R,N:T366I,N:S413R,ORF1a:S135R,ORF1a:L293F,ORF1a:T842I,ORF1a:T999I,ORF1a:S1221L,ORF1a:G1307S,ORF1a:P1640S,ORF1a:L3027F,ORF1a:T3090I,ORF1a:L3201F,ORF1a:T3255I,ORF1a:P3395H,ORF1a:N4060S,ORF1a:D4282N,ORF1b:P314L,ORF1b:G662S,ORF1b:R1315C,ORF1b:I1566V,ORF1b:T2163I,ORF3a:T223I,ORF6:D61L,ORF9b:P10S,S:T19I,S:A27S,S:P82H,S:G142D,S:K147E,S:W152R,S:F157L,S:K187E,S:I210V,S:V213G,S:G257S,S:G339H,S:R346T,S:K356T,S:S371F,S:S373P,S:S375F,S:T376A,S:D405N,S:R408S,S:K417N,S:N440K,S:G446S,S:N460K,S:S477N,S:T478K,S:E484A,S:F490S,S:Q498R,S:N501Y,S:Y505H,S:D614G,S:H655Y,S:N679K,S:P681H,S:N764K,S:D796Y,S:Q954H,S:N969K;N:E31-,N:R32-,N:S33-,ORF1a:S3675-,ORF1a:G3676-,ORF1a:F3677-,ORF9b:E27-,ORF9b:N28-,ORF9b:A29-,S:L24-,S:P25-,S:P26-;ORF7b:12:F;;;C44T,C3261T,C11416T,G13109A,T29344C;0;0;5;5;;ORF7b:13-44;;3000;0;good;0;10;0;good;0;24;-3;0;good;5;;0;good;0;;0;ORF7b:13-44;1;0;good;;0;0;good;7;"Charité_RdRp_F:G15451A,Charité_E_F:C26270T;A26275G,ChinaCDC_N_F:G28881A;G28882A;G28883C,USCDC_N1_P:C28311T";;;
5;hCoV-19/Gansu/BYCDC142/2023;23F;EG.5.1.1;XBB.1.9.2.5.1.1;23F;Omicron;23F (EG.5.1);0;good;107;56;0;0;0;0;74;13;0;0;89075;2;29903;0.999966558539277;false;C44T,C241T,A405G,T670G,C2334T,C2790T,C3037T,G4184A,C4321T,G5720A,C6541T,C9344T,A9424G,C9534T,C9693T,C9866T,C10029T,C10198T,G10447A,C10449A,C12789T,C12880T,C13115T,G13627A,C14408T,G15451A,C15714T,C15738T,T15939C,T16342C,A16878T,C17410T,T17859C,A18163G,A18492G,A19326G,C19955T,A20055G,C21618T,G21718T,T21810C,G21987A,C22000A,C22109G,T22200A,G22317T,C22480T,G22577C,G22578A,G22599C,C22664A,C22674T,T22679C,C22686T,A22688G,G22775A,A22786C,G22813T,T22882G,G22895C,T22896C,G22898A,T22930A,T22942G,G22992A,C22995A,A23013C,T23018C,T23019C,T23031C,A23055G,A23063T,T23075C,A23403G,C23525T,T23599G,C23604A,C23854A,G23948T,A24424T,T24469A,C25000T,C25416T,C25572T,C25584T,G25621T,C26060T,C26270T,A26275G,C26577G,G26709A,C26858T,A27259C,G27382C,A27383T,T27384C,A27507C,C27807T,G27915T,A28271T,T28297C,C28311T,G28881A,G28882A,G28883C,A29510C,C29625T;11288-11296,21633-21641,21992-21994,28362-28370,29734-29759;;;E:T9I,E:T11A,M:Q19E,M:A63T,N:P13L,N:R203K,N:G204R,N:S413R,ORF1a:K47R,ORF1a:S135R,ORF1a:A690V,ORF1a:T842I,ORF1a:G1307S,ORF1a:G1819S,ORF1a:L3027F,ORF1a:T3090I,ORF1a:A3143V,ORF1a:L3201F,ORF1a:T3255I,ORF1a:P3395H,ORF1a:T4175I,ORF1b:D54N,ORF1b:P314L,ORF1b:G662S,ORF1b:S959P,ORF1b:R1315C,ORF1b:I1566V,ORF1b:T2163I,ORF3a:V77F,ORF3a:T223I,ORF6:D61L,ORF8:G8*,ORF9b:I5T,ORF9b:P10S,S:T19I,S:A27S,S:Q52H,S:V83A,S:G142D,S:H146Q,S:Q183E,S:V213E,S:G252V,S:G339H,S:R346T,S:L368I,S:S371F,S:S373P,S:S375F,S:T376A,S:D405N,S:R408S,S:K417N,S:N440K,S:V445P,S:G446S,S:F456L,S:N460K,S:S477N,S:T478K,S:E484A,S:F486P,S:F490S,S:Q498R,S:N501Y,S:Y505H,S:D614G,S:H655Y,S:N679K,S:P681H,S:N764K,S:D796Y,S:Q954H,S:N969K;N:E31-,N:R32-,N:S33-,ORF1a:S3675-,ORF1a:G3676-,ORF1a:F3677-,ORF9b:E27-,ORF9b:N28-,ORF9b:A29-,S:L24-,S:P25-,S:P26-,S:Y144-;;;;C44T,C13115T,G25621T;0;0;3;3;;;;3000;0;good;0;10;0;good;0;24;-5;0;good;3;;0;good;0;;0;;0;0;good;;0;0;good;9;"Charité_RdRp_F:G15451A,Charité_E_F:C26270T;A26275G,ChinaCDC_N_F:G28881A;G28882A;G28883C,USCDC_N1_F:T28297C,USCDC_N1_P:C28311T,Pasteur_IP2_R:C12789T";;;
1;hCoV-19/Shanghai/SCDC-HG0728-2811/2023;22D;FR.1.1;BA.2.75.5.1.2.3.1.1;22D;Omicron;22D (BA.2.75);0;good;105;53;0;0;0;0;72;12;0;0;88877;25;29852;0.9974918904457747;false;C44T,C241T,C337T,T670G,C1142T,C1471T,C1513T,T2372C,C2790T,C3037T,C3261T,C3796T,C3927T,G4184A,C4321T,A4553G,C4586T,C5183T,C7318T,C9344T,A9424G,C9534T,C9866T,C10029T,C10198T,G10447A,C10449A,C11416T,T11515C,A12444G,C12880T,G13109A,C14408T,T14961C,G15451A,C15714T,C17410T,A18163G,C19955T,A20055G,C20235T,C21618T,C21807A,G21987A,A22001G,T22016C,C22033A,A22121G,A22190G,T22200G,G22331A,G22577C,G22578A,G22599C,A22629C,C22674T,T22679C,C22686T,A22688G,G22775A,A22786C,G22813T,T22882G,G22898A,T22942G,G22992A,C22995A,A23013C,T23031C,A23055G,A23063T,T23075C,A23403G,C23525T,T23599G,C23604A,C23854A,G23948T,A24424T,T24469A,C25000T,C25117T,C25416T,C25572T,C25584T,C26060T,C26270T,A26275G,A26459G,C26577G,G26709A,C26858T,A27259C,G27382C,A27383T,T27384C,C27807T,A28271T,C28311T,G28881A,G28882A,G28883C,T29344C,C29370T,A29510C;11288-11296,21633-21641,28362-28370,29734-29759;;;E:T9I,E:T11A,E:D72G,M:Q19E,M:A63T,N:P13L,N:R203K,N:G204R,N:T366I,N:S413R,ORF1a:S135R,ORF1a:L293F,ORF1a:T842I,ORF1a:T999I,ORF1a:S1221L,ORF1a:G1307S,ORF1a:T1430A,ORF1a:P1640S,ORF1a:L3027F,ORF1a:T3090I,ORF1a:L3201F,ORF1a:T3255I,ORF1a:P3395H,ORF1a:N4060S,ORF1a:D4282N,ORF1b:P314L,ORF1b:G662S,ORF1b:R1315C,ORF1b:I1566V,ORF1b:T2163I,ORF3a:T223I,ORF6:D61L,ORF9b:P10S,S:T19I,S:A27S,S:P82H,S:G142D,S:K147E,S:W152R,S:F157L,S:K187E,S:I210V,S:V213G,S:G257S,S:G339H,S:R346T,S:K356T,S:S371F,S:S373P,S:S375F,S:T376A,S:D405N,S:R408S,S:K417N,S:N440K,S:G446S,S:N460K,S:S477N,S:T478K,S:E484A,S:F490S,S:Q498R,S:N501Y,S:Y505H,S:D614G,S:H655Y,S:N679K,S:P681H,S:N764K,S:D796Y,S:Q954H,S:N969K;N:E31-,N:R32-,N:S33-,ORF1a:S3675-,ORF1a:G3676-,ORF1a:F3677-,ORF9b:E27-,ORF9b:N28-,ORF9b:A29-,S:L24-,S:P25-,S:P26-;;;;C44T,C3261T,A4553G,C11416T,G13109A,C25117T,T29344C;0;0;7;7;;;;3000;0;good;0;10;0;good;0;24;-1;0;good;7;;0;good;0;;0;;0;0;good;;0;0;good;7;"Charité_RdRp_F:G15451A,Charité_E_F:C26270T;A26275G,ChinaCDC_N_F:G28881A;G28882A;G28883C,USCDC_N1_P:C28311T";;;
4;hCoV-19/Shanghai/SCDC-MH080301/2023;22D;FR.1.1;BA.2.75.5.1.2.3.1.1;22D;Omicron;22D (BA.2.75);0;good;99;53;1;1;0;0;70;12;0;32;88837;57;29865;0.9968565026920376;false;C241T,C337T,T670G,C1142T,C1471T,C1513T,T2372C,C2790T,C3037T,C3796T,C3927T,G4184A,C4321T,C4586T,C5183T,C7318T,C9344T,A9424G,C9534T,C9866T,C10029T,C10198T,G10447A,C10449A,T11515C,A12444G,C12880T,C14408T,C14621T,T14961C,G15451A,C15714T,C17410T,A18163G,C19955T,A20055G,C20235T,C21618T,C21807A,G21987A,A22001G,T22016C,C22033A,A22121G,A22190G,T22200G,G22331A,G22577C,G22578A,G22599C,A22629C,C22674T,T22679C,C22686T,A22688G,G22775A,A22786C,G22813T,T22882G,G22898A,T22942G,G22992A,C22995A,A23013C,T23031C,A23055G,A23063T,T23075C,A23403G,C23525T,T23599G,C23604A,C23854A,G23948T,A24424T,T24469A,C25000T,C25416T,C25572T,C25584T,C26060T,C26270T,A26275G,A26459G,C26577G,G26709A,C26858T,A27259C,G27382C,A27383T,T27384C,C27807T,A28271T,C28311T,G28881A,G28882A,G28883C,C29370T,A29510C;11288-11296,21633-21641,28362-28370,29734-29759;27791:T;ORF7b:13-44;E:T9I,E:T11A,E:D72G,M:Q19E,M:A63T,N:P13L,N:R203K,N:G204R,N:T366I,N:S413R,ORF1a:S135R,ORF1a:L293F,ORF1a:T842I,ORF1a:S1221L,ORF1a:G1307S,ORF1a:P1640S,ORF1a:L3027F,ORF1a:T3090I,ORF1a:L3201F,ORF1a:T3255I,ORF1a:P3395H,ORF1a:N4060S,ORF1b:P314L,ORF1b:T385M,ORF1b:G662S,ORF1b:R1315C,ORF1b:I1566V,ORF1b:T2163I,ORF3a:T223I,ORF6:D61L,ORF9b:P10S,S:T19I,S:A27S,S:P82H,S:G142D,S:K147E,S:W152R,S:F157L,S:K187E,S:I210V,S:V213G,S:G257S,S:G339H,S:R346T,S:K356T,S:S371F,S:S373P,S:S375F,S:T376A,S:D405N,S:R408S,S:K417N,S:N440K,S:G446S,S:N460K,S:S477N,S:T478K,S:E484A,S:F490S,S:Q498R,S:N501Y,S:Y505H,S:D614G,S:H655Y,S:N679K,S:P681H,S:N764K,S:D796Y,S:Q954H,S:N969K;N:E31-,N:R32-,N:S33-,ORF1a:S3675-,ORF1a:G3676-,ORF1a:F3677-,ORF9b:E27-,ORF9b:N28-,ORF9b:A29-,S:L24-,S:P25-,S:P26-;;;;C14621T;0;0;1;1;;ORF7b:13-44;;3000;0;good;0;10;0;good;0;24;-7;0;good;1;;0;good;0;;0;ORF7b:13-44;1;0;good;;0;0;good;7;"Charité_RdRp_F:G15451A,Charité_E_F:C26270T;A26275G,ChinaCDC_N_F:G28881A;G28882A;G28883C,USCDC_N1_P:C28311T";;;
11;hCoV-19/Gansu/TSCDC-101209/2023;recombinant;XCN;XCN;recombinant;recombinant;recombinant;0;good;118;53;0;0;0;0;78;12;0;0;88825;25;29852;0.9974918904457747;false;C44T,C241T,C337T,T670G,C1142T,C1471T,C1513T,C1686T,T2372C,C2790T,C3037T,C3796T,C3927T,G4184A,C4321T,C4586T,C5183T,C7318T,C8782T,G8849A,C9344T,A9424G,C9534T,T9657C,C9866T,C10029T,C10198T,G10447A,C10449A,T11515C,T11725C,A12444G,C12880T,C14408T,C14790T,T14961C,G15451A,C15714T,C17410T,A18163G,C19955T,A20055G,C20235T,C21618T,C21807A,C21910T,G21987A,A22001G,T22016C,C22033A,A22121G,A22190G,T22200G,G22331A,G22577C,G22578A,G22599C,A22629C,C22664A,C22674T,T22679C,C22686T,A22688G,G22775A,A22786C,G22813T,T22882G,G22895C,T22896C,G22898A,T22930A,T22942G,G22992A,C22995A,A23013C,T23018C,T23019C,T23031C,A23055G,A23063T,T23075C,T23332C,A23403G,C23453T,C23525T,T23599G,C23604A,C23854A,G23948T,A24424T,T24469A,C25000T,C25416T,C25572T,C25584T,C26060T,C26270T,A26275G,C26577G,G26709A,C26858T,A27259C,G27382C,A27383T,T27384C,A27507C,C27635T,C27807T,G27915T,C28253T,A28271T,T28297C,C28311T,G28881A,G28882A,G28883C,A29510C,C29625T;11288-11296,21633-21641,28362-28370,29734-29759;;;E:T9I,E:T11A,M:Q19E,M:A63T,N:P13L,N:R203K,N:G204R,N:S413R,ORF1a:S135R,ORF1a:L293F,ORF1a:A474V,ORF1a:T842I,ORF1a:S1221L,ORF1a:G1307S,ORF1a:P1640S,ORF1a:V2862M,ORF1a:L3027F,ORF1a:T3090I,ORF1a:M3131T,ORF1a:L3201F,ORF1a:T3255I,ORF1a:P3395H,ORF1a:N4060S,ORF1b:P314L,ORF1b:G662S,ORF1b:R1315C,ORF1b:I1566V,ORF1b:T2163I,ORF3a:T223I,ORF6:D61L,ORF7a:S81L,ORF8:G8*,ORF9b:I5T,ORF9b:P10S,S:T19I,S:A27S,S:P82H,S:G142D,S:K147E,S:W152R,S:F157L,S:K187E,S:I210V,S:V213G,S:G257S,S:G339H,S:R346T,S:K356T,S:L368I,S:S371F,S:S373P,S:S375F,S:T376A,S:D405N,S:R408S,S:K417N,S:N440K,S:V445P,S:G446S,S:F456L,S:N460K,S:S477N,S:T478K,S:E484A,S:F486P,S:F490S,S:Q498R,S:N501Y,S:Y505H,S:D614G,S:P631S,S:H655Y,S:N679K,S:P681H,S:N764K,S:D796Y,S:Q954H,S:N969K;N:E31-,N:R32-,N:S33-,ORF1a:S3675-,ORF1a:G3676-,ORF1a:F3677-,ORF9b:E27-,ORF9b:N28-,ORF9b:A29-,S:L24-,S:P25-,S:P26-;;;;T9657C,T11725C;0;0;2;2;;;;3000;0;good;0;10;0;good;0;24;-6;0;good;2;;0;good;0;;0;;0;0;good;;0;0;good;8;"Charité_RdRp_F:G15451A,Charité_E_F:C26270T;A26275G,ChinaCDC_N_F:G28881A;G28882A;G28883C,USCDC_N1_F:T28297C,USCDC_N1_P:C28311T";;;
10;hCoV-19/Anhui/BZCDC-139/2023;recombinant;XCN;XCN;recombinant;recombinant;recombinant;0;good;117;53;0;0;0;0;77;12;0;0;88829;25;29852;0.9974918904457747;false;C44T,C241T,C337T,T670G,C1142T,C1471T,C1513T,C1686T,T2372C,C2790T,C3037T,C3796T,C3927T,G4184A,C4321T,C4586T,C5183T,C7318T,C8782T,G8849A,C9344T,A9424G,C9534T,C9866T,C10029T,C10198T,G10447A,C10449A,T11515C,A12444G,C12880T,C14408T,C14790T,T14961C,G15451A,C15714T,C17410T,A18163G,C19374T,C19955T,A20055G,C20235T,C21618T,C21807A,C21910T,G21987A,A22001G,T22016C,C22033A,A22121G,A22190G,T22200G,G22331A,G22577C,G22578A,G22599C,A22629C,C22664A,C22674T,T22679C,C22686T,A22688G,G22775A,A22786C,G22813T,T22882G,G22895C,T22896C,G22898A,T22930A,T22942G,G22992A,C22995A,A23013C,T23018C,T23019C,T23031C,A23055G,A23063T,T23075C,T23332C,A23403G,C23453T,C23525T,T23599G,C23604A,C23854A,G23948T,A24424T,T24469A,C25000T,C25416T,C25572T,C25584T,C26060T,C26270T,A26275G,C26577G,G26709A,C26858T,A27259C,G27382C,A27383T,T27384C,A27507C,C27635T,C27807T,G27915T,C28253T,A28271T,T28297C,C28311T,G28881A,G28882A,G28883C,A29510C,C29625T;11288-11296,21633-21641,28362-28370,29734-29759;;;E:T9I,E:T11A,M:Q19E,M:A63T,N:P13L,N:R203K,N:G204R,N:S413R,ORF1a:S135R,ORF1a:L293F,ORF1a:A474V,ORF1a:T842I,ORF1a:S1221L,ORF1a:G1307S,ORF1a:P1640S,ORF1a:V2862M,ORF1a:L3027F,ORF1a:T3090I,ORF1a:L3201F,ORF1a:T3255I,ORF1a:P3395H,ORF1a:N4060S,ORF1b:P314L,ORF1b:G662S,ORF1b:R1315C,ORF1b:I1566V,ORF1b:T2163I,ORF3a:T223I,ORF6:D61L,ORF7a:S81L,ORF8:G8*,ORF9b:I5T,ORF9b:P10S,S:T19I,S:A27S,S:P82H,S:G142D,S:K147E,S:W152R,S:F157L,S:K187E,S:I210V,S:V213G,S:G257S,S:G339H,S:R346T,S:K356T,S:L368I,S:S371F,S:S373P,S:S375F,S:T376A,S:D405N,S:R408S,S:K417N,S:N440K,S:V445P,S:G446S,S:F456L,S:N460K,S:S477N,S:T478K,S:E484A,S:F486P,S:F490S,S:Q498R,S:N501Y,S:Y505H,S:D614G,S:P631S,S:H655Y,S:N679K,S:P681H,S:N764K,S:D796Y,S:Q954H,S:N969K;N:E31-,N:R32-,N:S33-,ORF1a:S3675-,ORF1a:G3676-,ORF1a:F3677-,ORF9b:E27-,ORF9b:N28-,ORF9b:A29-,S:L24-,S:P25-,S:P26-;;;;C19374T;0;0;1;1;;;;3000;0;good;0;10;0;good;0;24;-7;0;good;1;;0;good;0;;0;;0;0;good;;0;0;good;8;"Charité_RdRp_F:G15451A,Charité_E_F:C26270T;A26275G,ChinaCDC_N_F:G28881A;G28882A;G28883C,USCDC_N1_F:T28297C,USCDC_N1_P:C28311T";;;
9;hCoV-19/Anhui/HCDC-179/2023;recombinant;XCN;XCN;recombinant;recombinant;recombinant;0;good;119;53;0;0;0;0;78;12;0;0;88788;23;29839;0.9971240343778216;false;C44T,C241T,C337T,T670G,C1142T,C1471T,C1513T,G1636A,C1686T,T2372C,C2790T,C3037T,C3796T,C3927T,G4184A,C4321T,C4586T,C5183T,C7318T,C8782T,G8849A,C9344T,A9424G,C9534T,C9866T,A9935G,C10029T,C10198T,G10447A,C10449A,T11515C,A12444G,C12880T,C14408T,C14790T,T14961C,G15451A,C15714T,T17007C,C17410T,A18163G,C19955T,A20055G,C20235T,C21618T,C21807A,C21910T,G21987A,A22001G,T22016C,C22033A,A22121G,A22190G,T22200G,G22331A,G22577C,G22578A,G22599C,A22629C,C22664A,C22674T,T22679C,C22686T,A22688G,G22775A,A22786C,G22813T,T22882G,G22895C,T22896C,G22898A,T22930A,T22942G,G22992A,C22995A,A23013C,T23018C,T23019C,T23031C,A23055G,A23063T,T23075C,T23332C,A23403G,C23453T,C23525T,T23599G,C23604A,C23854A,G23948T,A24424T,T24469A,C25000T,C25416T,C25572T,C25584T,C26060T,C26270T,A26275G,C26577G,G26709A,C26858T,A27259C,G27382C,A27383T,T27384C,A27507C,C27635T,C27807T,G27915T,C28253T,A28271T,T28297C,C28311T,G28881A,G28882A,G28883C,A29510C,C29625T;11288-11296,21633-21641,28362-28370,29734-29759;;;E:T9I,E:T11A,M:Q19E,M:A63T,N:P13L,N:R203K,N:G204R,N:S413R,ORF1a:S135R,ORF1a:L293F,ORF1a:A474V,ORF1a:T842I,ORF1a:S1221L,ORF1a:G1307S,ORF1a:P1640S,ORF1a:V2862M,ORF1a:L3027F,ORF1a:T3090I,ORF1a:L3201F,ORF1a:T3224A,ORF1a:T3255I,ORF1a:P3395H,ORF1a:N4060S,ORF1b:P314L,ORF1b:G662S,ORF1b:R1315C,ORF1b:I1566V,ORF1b:T2163I,ORF3a:T223I,ORF6:D61L,ORF7a:S81L,ORF8:G8*,ORF9b:I5T,ORF9b:P10S,S:T19I,S:A27S,S:P82H,S:G142D,S:K147E,S:W152R,S:F157L,S:K187E,S:I210V,S:V213G,S:G257S,S:G339H,S:R346T,S:K356T,S:L368I,S:S371F,S:S373P,S:S375F,S:T376A,S:D405N,S:R408S,S:K417N,S:N440K,S:V445P,S:G446S,S:F456L,S:N460K,S:S477N,S:T478K,S:E484A,S:F486P,S:F490S,S:Q498R,S:N501Y,S:Y505H,S:D614G,S:P631S,S:H655Y,S:N679K,S:P681H,S:N764K,S:D796Y,S:Q954H,S:N969K;N:E31-,N:R32-,N:S33-,ORF1a:S3675-,ORF1a:G3676-,ORF1a:F3677-,ORF9b:E27-,ORF9b:N28-,ORF9b:A29-,S:L24-,S:P25-,S:P26-;;;;G1636A,A9935G,T17007C;0;0;3;3;;;;3000;0;good;0;10;0;good;0;24;-5;0;good;3;;0;good;0;;0;;0;0;good;;0;0;good;8;"Charité_RdRp_F:G15451A,Charité_E_F:C26270T;A26275G,ChinaCDC_N_F:G28881A;G28882A;G28883C,USCDC_N1_F:T28297C,USCDC_N1_P:C28311T";;;
2;hCoV-19/Shanghai/SCDC-HG0803-2910-2/2023;23F;EG.5.1.1;XBB.1.9.2.5.1.1;23F;Omicron;23F (EG.5.1);0;good;107;56;0;0;0;0;73;13;0;0;88853;25;29852;0.9974918904457747;false;C44T,C241T,A405G,T670G,C2334T,C2790T,C3037T,G4184A,C4321T,T4441C,G5720A,C6541T,C9344T,A9424G,C9534T,C9693T,C9866T,C10029T,C10198T,G10447A,C10449A,C12789T,C12880T,A13192G,G13627A,C14408T,G15451A,C15714T,C15738T,T15939C,T16342C,A16878T,C17410T,T17859C,A18163G,A18492G,A19326G,C19955T,A20055G,C21618T,G21718T,T21810C,G21987A,C22000A,C22109G,T22200A,G22317T,C22480T,G22577C,G22578A,G22599C,C22664A,C22674T,T22679C,C22686T,A22688G,G22775A,A22786C,G22813T,T22882G,G22895C,T22896C,G22898A,T22930A,T22942G,G22992A,C22995A,A23013C,T23018C,T23019C,T23031C,A23055G,A23063T,T23075C,A23403G,C23525T,T23599G,C23604A,C23854A,G23948T,A24424T,T24469A,C25000T,C25416T,C25572T,C25584T,C26060T,C26270T,A26275G,C26577G,G26709A,C26858T,A27259C,G27382C,A27383T,T27384C,A27507C,C27807T,G27915T,A28271T,T28297C,C28311T,G28881A,G28882A,G28883C,A29510C,C29625T;11288-11296,21633-21641,21992-21994,28362-28370,29734-29759;;;E:T9I,E:T11A,M:Q19E,M:A63T,N:P13L,N:R203K,N:G204R,N:S413R,ORF1a:K47R,ORF1a:S135R,ORF1a:A690V,ORF1a:T842I,ORF1a:G1307S,ORF1a:G1819S,ORF1a:L3027F,ORF1a:T3090I,ORF1a:A3143V,ORF1a:L3201F,ORF1a:T3255I,ORF1a:P3395H,ORF1a:T4175I,ORF1b:D54N,ORF1b:P314L,ORF1b:G662S,ORF1b:S959P,ORF1b:R1315C,ORF1b:I1566V,ORF1b:T2163I,ORF3a:T223I,ORF6:D61L,ORF8:G8*,ORF9b:I5T,ORF9b:P10S,S:T19I,S:A27S,S:Q52H,S:V83A,S:G142D,S:H146Q,S:Q183E,S:V213E,S:G252V,S:G339H,S:R346T,S:L368I,S:S371F,S:S373P,S:S375F,S:T376A,S:D405N,S:R408S,S:K417N,S:N440K,S:V445P,S:G446S,S:F456L,S:N460K,S:S477N,S:T478K,S:E484A,S:F486P,S:F490S,S:Q498R,S:N501Y,S:Y505H,S:D614G,S:H655Y,S:N679K,S:P681H,S:N764K,S:D796Y,S:Q954H,S:N969K;N:E31-,N:R32-,N:S33-,ORF1a:S3675-,ORF1a:G3676-,ORF1a:F3677-,ORF9b:E27-,ORF9b:N28-,ORF9b:A29-,S:L24-,S:P25-,S:P26-,S:Y144-;;;;C44T,T4441C,A13192G;0;0;3;3;;;;3000;0;good;0;10;0;good;0;24;-5;0;good;3;;0;good;0;;0;;0;0;good;;0;0;good;9;"Charité_RdRp_F:G15451A,Charité_E_F:C26270T;A26275G,ChinaCDC_N_F:G28881A;G28882A;G28883C,USCDC_N1_F:T28297C,USCDC_N1_P:C28311T,Pasteur_IP2_R:C12789T";;;
6;hCoV-19/Shanghai/SCDC-XG09-13426/2023;recombinant;XCN;XCN;recombinant;recombinant;recombinant;0;good;119;53;0;0;0;0;80;12;0;0;88821;25;29852;0.9974918904457747;false;C44T,C241T,C337T,T670G,C1142T,C1471T,C1513T,C1686T,T2372C,C2790T,C3037T,C3796T,C3927T,G4184A,C4321T,C4586T,C5183T,C7318T,C8782T,G8849A,C9344T,A9424G,C9534T,C9866T,C10029T,C10198T,G10447A,C10449A,T11515C,A12444G,A12524G,C12880T,C14408T,C14790T,T14961C,G15451A,C15714T,C17410T,A18163G,C19955T,A20055G,C20235T,C21618T,C21807A,C21910T,G21987A,A22001G,T22016C,C22033A,A22121G,A22190G,T22200G,G22331A,G22577C,G22578A,G22599C,A22629C,C22664A,C22674T,T22679C,C22686T,A22688G,G22775A,A22786C,G22813T,T22882G,G22895C,T22896C,G22898A,T22930A,T22942G,G22992A,C22995A,A23013C,T23018C,T23019C,T23031C,A23055G,A23063T,T23075C,T23332C,A23403G,C23453T,C23525T,T23599G,C23604A,C23854A,G23948T,A24424T,T24469A,C25000T,C25416T,C25572T,C25584T,C26060T,C26270T,A26275G,C26577G,G26709A,C26858T,A27259C,G27382C,A27383T,T27384C,A27507C,C27635T,C27807T,G27915T,T28251G,C28253T,A28254C,A28271T,T28297C,C28311T,G28881A,G28882A,G28883C,A29510C,C29625T;11288-11296,21633-21641,28362-28370,29734-29759;;;E:T9I,E:T11A,M:Q19E,M:A63T,N:P13L,N:R203K,N:G204R,N:S413R,ORF1a:S135R,ORF1a:L293F,ORF1a:A474V,ORF1a:T842I,ORF1a:S1221L,ORF1a:G1307S,ORF1a:P1640S,ORF1a:V2862M,ORF1a:L3027F,ORF1a:T3090I,ORF1a:L3201F,ORF1a:T3255I,ORF1a:P3395H,ORF1a:N4060S,ORF1a:T4087A,ORF1b:P314L,ORF1b:G662S,ORF1b:R1315C,ORF1b:I1566V,ORF1b:T2163I,ORF3a:T223I,ORF6:D61L,ORF7a:S81L,ORF8:G8*,ORF8:F120V,ORF8:I121L,ORF9b:I5T,ORF9b:P10S,S:T19I,S:A27S,S:P82H,S:G142D,S:K147E,S:W152R,S:F157L,S:K187E,S:I210V,S:V213G,S:G257S,S:G339H,S:R346T,S:K356T,S:L368I,S:S371F,S:S373P,S:S375F,S:T376A,S:D405N,S:R408S,S:K417N,S:N440K,S:V445P,S:G446S,S:F456L,S:N460K,S:S477N,S:T478K,S:E484A,S:F486P,S:F490S,S:Q498R,S:N501Y,S:Y505H,S:D614G,S:P631S,S:H655Y,S:N679K,S:P681H,S:N764K,S:D796Y,S:Q954H,S:N969K;N:E31-,N:R32-,N:S33-,ORF1a:S3675-,ORF1a:G3676-,ORF1a:F3677-,ORF9b:E27-,ORF9b:N28-,ORF9b:A29-,S:L24-,S:P25-,S:P26-;;;A28254C|20H;A12524G,T28251G;0;1;2;3;;;;3000;0;good;0;10;0;good;0;24;-2;0;good;6;;0;good;0;;0;;0;0;good;;0;0;good;8;"Charité_RdRp_F:G15451A,Charité_E_F:C26270T;A26275G,ChinaCDC_N_F:G28881A;G28882A;G28883C,USCDC_N1_F:T28297C,USCDC_N1_P:C28311T";;;
3;hCoV-19/Shanghai/SCDC-HG0803-2915-2/2023;recombinant;XCN;XCN;recombinant;recombinant;recombinant;0;good;119;53;0;0;0;0;79;12;0;0;88821;25;29852;0.9974918904457747;false;C44T,C241T,C337T,T670G,C1142T,C1471T,C1513T,C1686T,T2372C,C2790T,C3037T,C3796T,C3927T,G4184A,C4321T,C4586T,C5183T,C7318T,C8782T,G8849A,C9344T,A9424G,C9534T,C9866T,C10029T,C10198T,G10447A,C10449A,T11515C,G11966A,A12444G,C12880T,C14408T,C14790T,T14961C,G15451A,C15714T,C17410T,A18163G,C19955T,A20055G,C20235T,C21057T,C21618T,C21807A,C21910T,G21987A,A22001G,T22016C,C22033A,A22121G,A22190G,T22200G,G22331A,G22577C,G22578A,G22599C,A22629C,C22664A,C22674T,T22679C,C22686T,A22688G,G22775A,A22786C,G22813T,T22882G,G22895C,T22896C,G22898A,T22930A,T22942G,G22992A,C22995A,A23013C,T23018C,T23019C,T23031C,A23055G,A23063T,T23075C,T23332C,A23403G,C23453T,C23525T,T23599G,C23604A,C23854A,G23948T,A24424T,T24469A,C25000T,C25416T,C25572T,C25584T,C26060T,C26270T,A26275G,C26577G,G26709A,C26858T,A27259C,G27382C,A27383T,T27384C,A27507C,C27635T,C27807T,G27915T,C28253T,A28254C,A28271T,T28297C,C28311T,G28881A,G28882A,G28883C,A29510C,C29625T;11288-11296,21633-21641,28362-28370,29734-29759;;;E:T9I,E:T11A,M:Q19E,M:A63T,N:P13L,N:R203K,N:G204R,N:S413R,ORF1a:S135R,ORF1a:L293F,ORF1a:A474V,ORF1a:T842I,ORF1a:S1221L,ORF1a:G1307S,ORF1a:P1640S,ORF1a:V2862M,ORF1a:L3027F,ORF1a:T3090I,ORF1a:L3201F,ORF1a:T3255I,ORF1a:P3395H,ORF1a:A3901T,ORF1a:N4060S,ORF1b:P314L,ORF1b:G662S,ORF1b:R1315C,ORF1b:I1566V,ORF1b:T2163I,ORF3a:T223I,ORF6:D61L,ORF7a:S81L,ORF8:G8*,ORF8:I121L,ORF9b:I5T,ORF9b:P10S,S:T19I,S:A27S,S:P82H,S:G142D,S:K147E,S:W152R,S:F157L,S:K187E,S:I210V,S:V213G,S:G257S,S:G339H,S:R346T,S:K356T,S:L368I,S:S371F,S:S373P,S:S375F,S:T376A,S:D405N,S:R408S,S:K417N,S:N440K,S:V445P,S:G446S,S:F456L,S:N460K,S:S477N,S:T478K,S:E484A,S:F486P,S:F490S,S:Q498R,S:N501Y,S:Y505H,S:D614G,S:P631S,S:H655Y,S:N679K,S:P681H,S:N764K,S:D796Y,S:Q954H,S:N969K;N:E31-,N:R32-,N:S33-,ORF1a:S3675-,ORF1a:G3676-,ORF1a:F3677-,ORF9b:E27-,ORF9b:N28-,ORF9b:A29-,S:L24-,S:P25-,S:P26-;;;A28254C|20H;G11966A,C21057T;0;1;2;3;;;;3000;0;good;0;10;0;good;0;24;-2;0;good;6;;0;good;0;;0;;0;0;good;;0;0;good;8;"Charité_RdRp_F:G15451A,Charité_E_F:C26270T;A26275G,ChinaCDC_N_F:G28881A;G28882A;G28883C,USCDC_N1_F:T28297C,USCDC_N1_P:C28311T";;;
8;hCoV-19/Anhui/HCDC-137/2023;recombinant;XCN;XCN;recombinant;recombinant;recombinant;0;good;117;53;0;0;0;0;78;12;0;0;88766;33;29839;0.9967896197705916;false;C44T,C241T,C337T,T670G,C1142T,C1471T,C1513T,C1686T,T2372C,C2790T,C3037T,C3796T,C3927T,G4184A,C4321T,C4586T,C5183T,C7318T,C7728T,C8782T,G8849A,C9344T,A9424G,C9534T,C9866T,C10029T,C10198T,G10447A,C10449A,T11515C,A12444G,C12880T,C14408T,C14790T,T14961C,G15451A,C15714T,C17410T,A18163G,C19955T,A20055G,C20235T,C21618T,C21807A,C21910T,G21987A,A22001G,T22016C,C22033A,A22121G,A22190G,T22200G,G22331A,G22577C,G22578A,G22599C,A22629C,C22664A,C22674T,T22679C,C22686T,A22688G,G22775A,A22786C,G22813T,T22882G,G22895C,T22896C,G22898A,T22930A,T22942G,G22992A,C22995A,A23013C,T23018C,T23019C,T23031C,A23055G,A23063T,T23075C,T23332C,A23403G,C23453T,C23525T,T23599G,C23604A,C23854A,G23948T,A24424T,T24469A,C25000T,C25416T,C25572T,C25584T,C26060T,C26270T,A26275G,C26577G,G26709A,C26858T,A27259C,G27382C,A27383T,T27384C,A27507C,C27635T,C27807T,G27915T,C28253T,A28271T,T28297C,C28311T,G28881A,G28882A,G28883C,A29510C,C29625T;11288-11296,21633-21641,28362-28370,29734-29759;;;E:T9I,E:T11A,M:Q19E,M:A63T,N:P13L,N:R203K,N:G204R,N:S413R,ORF1a:S135R,ORF1a:L293F,ORF1a:A474V,ORF1a:T842I,ORF1a:S1221L,ORF1a:G1307S,ORF1a:P1640S,ORF1a:S2488F,ORF1a:V2862M,ORF1a:L3027F,ORF1a:T3090I,ORF1a:L3201F,ORF1a:T3255I,ORF1a:P3395H,ORF1a:N4060S,ORF1b:P314L,ORF1b:G662S,ORF1b:R1315C,ORF1b:I1566V,ORF1b:T2163I,ORF3a:T223I,ORF6:D61L,ORF7a:S81L,ORF8:G8*,ORF9b:I5T,ORF9b:P10S,S:T19I,S:A27S,S:P82H,S:G142D,S:K147E,S:W152R,S:F157L,S:K187E,S:I210V,S:V213G,S:G257S,S:G339H,S:R346T,S:K356T,S:L368I,S:S371F,S:S373P,S:S375F,S:T376A,S:D405N,S:R408S,S:K417N,S:N440K,S:V445P,S:G446S,S:F456L,S:N460K,S:S477N,S:T478K,S:E484A,S:F486P,S:F490S,S:Q498R,S:N501Y,S:Y505H,S:D614G,S:P631S,S:H655Y,S:N679K,S:P681H,S:N764K,S:D796Y,S:Q954H,S:N969K;N:E31-,N:R32-,N:S33-,ORF1a:S3675-,ORF1a:G3676-,ORF1a:F3677-,ORF9b:E27-,ORF9b:N28-,ORF9b:A29-,S:L24-,S:P25-,S:P26-;;;;C7728T;0;0;1;1;;;;3000;0;good;0;10;0;good;0;24;-7;0;good;1;;0;good;0;;0;;0;0;good;;0;0;good;8;"Charité_RdRp_F:G15451A,Charité_E_F:C26270T;A26275G,ChinaCDC_N_F:G28881A;G28882A;G28883C,USCDC_N1_F:T28297C,USCDC_N1_P:C28311T";;;
