month,lineage,genome_number,lineage_full_name,merged_lineage
January,DY.2,1140,B.1.1.529.5.2.48.2,BA.5.2.48*
January,BF.7.14,967,B.1.1.529.5.2.1.7.14,BF.7.14*
January,DY.4,869,B.1.1.529.5.2.48.4,BA.5.2.48*
January,BA.5.2.48,684,B.1.1.529.5.2.48,BA.5.2.48*
January,DY.3,506,B.1.1.529.5.2.48.3,BA.5.2.48*
January,DY.1,477,B.1.1.529.5.2.48.1,BA.5.2.48*
January,DZ.1,201,B.1.1.529.5.2.49.1,Others
January,BF.7.14.1,138,B.1.1.529.5.2.1.7.14.1,BF.7.14*
January,BF.7.14.5,122,B.1.1.529.5.2.1.7.14.5,BF.7.14*
January,BF.7.14.4,111,B.1.1.529.5.2.1.7.14.4,BF.7.14*
January,BA.5.2.50,76,B.1.1.529.5.2.50,Others
January,DZ.2,55,B.1.1.529.5.2.49.2,Others
January,BF.7.14.6,52,B.1.1.529.5.2.1.7.14.6,BF.7.14*
January,BA.5.2,51,B.1.1.529.5.2,Others
January,BF.7.14.3,38,B.1.1.529.5.2.1.7.14.3,BF.7.14*
January,DY.1.1,33,B.1.1.529.5.2.48.1.1,BA.5.2.48*
January,BA.5.2.49,32,B.1.1.529.5.2.49,Others
January,BA.5.2.1,17,B.1.1.529.5.2.1,Others
January,BF.7.14.2,16,B.1.1.529.5.2.1.7.14.2,BF.7.14*
January,BN.1.3,12,B.1.1.529.2.75.5.1.3,BA.2.75*
January,BF.7.14.7,12,B.1.1.529.5.2.1.7.14.7,BF.7.14*
January,BQ.1.1,11,B.1.1.529.5.3.1.1.1.1.1.1,Others
January,BA.5.1.32,11,B.1.1.529.5.1.32,Others
January,CH.1.1.11,10,B.1.1.529.2.75.3.4.1.1.1.1.11,BA.2.75*
January,CH.1.1,9,B.1.1.529.2.75.3.4.1.1.1.1,BA.2.75*
January,BN.1.3.10,5,B.1.1.529.2.75.5.1.3.10,BA.2.75*
January,BQ.1,4,B.1.1.529.5.3.1.1.1.1.1,Others
January,BF.7,4,B.1.1.529.5.2.1.7,Others
January,FR.1,4,B.1.1.529.2.75.5.1.2.3.1,BA.2.75*
January,BN.1.5,3,B.1.1.529.2.75.5.1.5,BA.2.75*
January,CH.1.1.3,3,B.1.1.529.2.75.3.4.1.1.1.1.3,BA.2.75*
January,CM.12,3,B.1.1.529.2.3.20.12,Others
January,CR.1.1,3,B.1.1.529.5.2.18.1.1,Others
January,XBB.1,3,XBB.1,Others
January,BA.5.1,3,B.1.1.529.5.1,Others
January,BN.1.1.1,2,B.1.1.529.2.75.5.1.1.1,BA.2.75*
January,EJ.2,2,B.1.1.529.2.75.5.1.3.8.2,BA.2.75*
January,BA.5.2.6,2,B.1.1.529.5.2.6,Others
January,BN.1.3.9,2,B.1.1.529.2.75.5.1.3.9,BA.2.75*
January,BN.1.1,2,B.1.1.529.2.75.5.1.1,BA.2.75*
January,BQ.1.2,2,B.1.1.529.5.3.1.1.1.1.1.2,Others
January,XBB.1.5,1,XBB.1.5,XBB.1.5*
January,BF.5,1,B.1.1.529.5.2.1.5,Others
January,BN.1.2.7,1,B.1.1.529.2.75.5.1.2.7,BA.2.75*
January,XBJ.1.1,1,XBJ.1.1,Others
January,BR.2.1,1,B.1.1.529.2.75.4.2.1,BA.2.75*
January,BQ.1.1.31,1,B.1.1.529.5.3.1.1.1.1.1.1.31,Others
January,EE.1,1,B.1.1.529.5.3.1.1.1.1.1.1.4.1,Others
January,BQ.1.1.44,1,B.1.1.529.5.3.1.1.1.1.1.1.44,Others
January,BA.5.2.28,1,B.1.1.529.5.2.28,Others
January,BN.1.2.2,1,B.1.1.529.2.75.5.1.2.2,BA.2.75*
January,BQ.1.31,1,B.1.1.529.5.3.1.1.1.1.1.31,Others
January,BQ.1.23,1,B.1.1.529.5.3.1.1.1.1.1.23,Others
January,CJ.1.3,1,B.1.1.529.2.75.3.1.1.1.1.3,BA.2.75*
January,BA.5.2.27,1,B.1.1.529.5.2.27,Others
January,BQ.1.1.53,1,B.1.1.529.5.3.1.1.1.1.1.1.53,Others
January,BQ.1.1.22,1,B.1.1.529.5.3.1.1.1.1.1.1.22,Others
January,BQ.1.1.38,1,B.1.1.529.5.3.1.1.1.1.1.1.38,Others
January,BA.2.76,1,BA.2.76,Others
January,BQ.1.1.4,1,B.1.1.529.5.3.1.1.1.1.1.1.4,Others
January,XBB.1.9,1,XBB.1.9,Others
January,CM.10,1,B.1.1.529.2.3.20.10,Others
January,BQ.1.1.3,1,B.1.1.529.5.3.1.1.1.1.1.1.3,Others
January,BN.1.10,1,B.1.1.529.2.75.5.1.10,BA.2.75*
January,BN.1.2.6,1,B.1.1.529.2.75.5.1.2.6,BA.2.75*
January,BQ.1.1.66,1,B.1.1.529.5.3.1.1.1.1.1.1.66,Others
January,BQ.1.1.17,1,B.1.1.529.5.3.1.1.1.1.1.1.17,Others
January,BQ.1.1.69,1,B.1.1.529.5.3.1.1.1.1.1.1.69,Others
January,XBB.1.15,1,XBB.1.15,Others
January,DT.2,1,B.1.1.529.5.3.1.1.1.1.1.1.32.2,Others
February,DY.2,659,B.1.1.529.5.2.48.2,BA.5.2.48*
February,BF.7.14,653,B.1.1.529.5.2.1.7.14,BF.7.14*
February,DY.4,446,B.1.1.529.5.2.48.4,BA.5.2.48*
February,BA.5.2.48,375,B.1.1.529.5.2.48,BA.5.2.48*
February,DY.1,324,B.1.1.529.5.2.48.1,BA.5.2.48*
February,DY.3,281,B.1.1.529.5.2.48.3,BA.5.2.48*
February,BF.7.14.5,111,B.1.1.529.5.2.1.7.14.5,BF.7.14*
February,BF.7.14.4,97,B.1.1.529.5.2.1.7.14.4,BF.7.14*
February,DZ.1,92,B.1.1.529.5.2.49.1,Others
February,BF.7.14.1,83,B.1.1.529.5.2.1.7.14.1,BF.7.14*
February,BF.7.14.6,35,B.1.1.529.5.2.1.7.14.6,BF.7.14*
February,DZ.2,29,B.1.1.529.5.2.49.2,Others
February,CH.1.1.11,24,B.1.1.529.2.75.3.4.1.1.1.1.11,BA.2.75*
February,BF.7.14.3,22,B.1.1.529.5.2.1.7.14.3,BF.7.14*
February,FR.1,22,B.1.1.529.2.75.5.1.2.3.1,BA.2.75*
February,BF.7.14.2,21,B.1.1.529.5.2.1.7.14.2,BF.7.14*
February,BA.5.1.32,21,B.1.1.529.5.1.32,Others
February,BA.5.2.49,18,B.1.1.529.5.2.49,Others
February,BA.5.2.50,17,B.1.1.529.5.2.50,Others
February,DY.1.1,17,B.1.1.529.5.2.48.1.1,BA.5.2.48*
February,XBB.1.5,15,XBB.1.5,XBB.1.5*
February,CH.1.1,13,B.1.1.529.2.75.3.4.1.1.1.1,BA.2.75*
February,BF.7.14.7,8,B.1.1.529.5.2.1.7.14.7,BF.7.14*
February,BN.1.3,7,B.1.1.529.2.75.5.1.3,BA.2.75*
February,BN.1.2.6,7,B.1.1.529.2.75.5.1.2.6,BA.2.75*
February,BN.1.3.9,7,B.1.1.529.2.75.5.1.3.9,BA.2.75*
February,BN.1.3.5,6,B.1.1.529.2.75.5.1.3.5,BA.2.75*
February,BA.5.2.1,6,B.1.1.529.5.2.1,Others
February,BF.7,6,B.1.1.529.5.2.1.7,Others
February,BA.5.2.6,6,B.1.1.529.5.2.6,Others
February,EM.1,6,XBB.1.5.7.1,XBB.1.5*
February,CM.12,5,B.1.1.529.2.3.20.12,Others
February,BN.1.2.7,5,B.1.1.529.2.75.5.1.2.7,BA.2.75*
February,FB.1,5,B.1.1.529.5.3.1.1.1.1.1.2.1.1,Others
February,BN.1.2,4,B.1.1.529.2.75.5.1.2,BA.2.75*
February,BQ.1.1,4,B.1.1.529.5.3.1.1.1.1.1.1,Others
February,BA.5.2,4,B.1.1.529.5.2,Others
February,FL.4,3,XBB.1.9.1.4,XBB.1.9.1*
February,BN.1.1,3,B.1.1.529.2.75.5.1.1,BA.2.75*
February,BA.5.2.57,3,B.1.1.529.5.2.57,Others
February,BN.1.3.1,2,B.1.1.529.2.75.5.1.3.1,BA.2.75*
February,BR.2.1,2,B.1.1.529.2.75.4.2.1,BA.2.75*
February,BQ.1,2,B.1.1.529.5.3.1.1.1.1.1,Others
February,FL.12,2,XBB.1.9.1.12,XBB.1.9.1*
February,BN.1.3.13,2,B.1.1.529.2.75.5.1.3.13,BA.2.75*
February,XBB.1.14,2,XBB.1.14,Others
February,BN.1.2.2,2,B.1.1.529.2.75.5.1.2.2,BA.2.75*
February,FL.10,2,XBB.1.9.1.10,XBB.1.9.1*
February,BQ.1.1.31,1,B.1.1.529.5.3.1.1.1.1.1.1.31,Others
February,BN.1.4,1,B.1.1.529.2.75.5.1.4,BA.2.75*
February,BN.1.3.10,1,B.1.1.529.2.75.5.1.3.10,BA.2.75*
February,BQ.1.1.35,1,B.1.1.529.5.3.1.1.1.1.1.1.35,Others
February,XBB.1.5.78,1,XBB.1.5.78,XBB.1.5*
February,FD.3,1,XBB.1.5.15.3,XBB.1.5*
February,BQ.1.1.22,1,B.1.1.529.5.3.1.1.1.1.1.1.22,Others
February,XBB.2,1,XBB.2,Others
February,BF.11,1,B.1.1.529.5.2.1.11,Others
February,CR.1.1,1,B.1.1.529.5.2.18.1.1,Others
February,BQ.1.2,1,B.1.1.529.5.3.1.1.1.1.1.2,Others
February,XBB.1.9.2,1,XBB.1.9.2,Others
February,BA.5.2.20,1,B.1.1.529.5.2.20,Others
February,BQ.1.1.53,1,B.1.1.529.5.3.1.1.1.1.1.1.53,Others
February,BQ.1.1.1,1,B.1.1.529.5.3.1.1.1.1.1.1.1,Others
February,XBB.1.12,1,XBB.1.12,Others
February,XBB.1.5.24,1,XBB.1.5.24,XBB.1.5*
February,XBL.1,1,XBL.1,Others
February,XBB.1.5.63,1,XBB.1.5.63,XBB.1.5*
February,XBB.1.5.23,1,XBB.1.5.23,XBB.1.5*
February,FB.2,1,B.1.1.529.5.3.1.1.1.1.1.2.1.2,Others
February,BA.5.2.26,1,B.1.1.529.5.2.26,Others
February,XBU,1,XBU,Others
February,BF.7.5,1,B.1.1.529.5.2.1.7.5,Others
February,XBB.1.5.52,1,XBB.1.5.52,XBB.1.5*
February,FY.3,1,XBB.1.22.1.3,XBB.1.22.1*
February,FM.1,1,B.1.1.529.5.3.1.1.1.1.1.1.53.1,Others
February,CH.1.1.3,1,B.1.1.529.2.75.3.4.1.1.1.1.3,BA.2.75*
February,EJ.2,1,B.1.1.529.2.75.5.1.3.8.2,BA.2.75*
February,BQ.1.1.24,1,B.1.1.529.5.3.1.1.1.1.1.1.24,Others
February,DT.2,1,B.1.1.529.5.3.1.1.1.1.1.1.32.2,Others
February,XBB.1.5.13,1,XBB.1.5.13,XBB.1.5*
March,BF.7.14,789,B.1.1.529.5.2.1.7.14,BF.7.14*
March,DY.2,704,B.1.1.529.5.2.48.2,BA.5.2.48*
March,DY.1,385,B.1.1.529.5.2.48.1,BA.5.2.48*
March,BA.5.2.48,333,B.1.1.529.5.2.48,BA.5.2.48*
March,DY.4,302,B.1.1.529.5.2.48.4,BA.5.2.48*
March,DY.3,129,B.1.1.529.5.2.48.3,BA.5.2.48*
March,BF.7.14.5,85,B.1.1.529.5.2.1.7.14.5,BF.7.14*
March,BF.7.14.1,82,B.1.1.529.5.2.1.7.14.1,BF.7.14*
March,DZ.1,61,B.1.1.529.5.2.49.1,Others
March,BF.7.14.4,47,B.1.1.529.5.2.1.7.14.4,BF.7.14*
March,XBB.1.5,32,XBB.1.5,XBB.1.5*
March,XBB.1.9.1,31,XBB.1.9.1,XBB.1.9.1*
March,DZ.2,27,B.1.1.529.5.2.49.2,Others
March,BF.7.14.6,25,B.1.1.529.5.2.1.7.14.6,BF.7.14*
March,DY.1.1,17,B.1.1.529.5.2.48.1.1,BA.5.2.48*
March,BA.5.2.50,15,B.1.1.529.5.2.50,Others
March,BQ.1.1.18,14,B.1.1.529.5.3.1.1.1.1.1.1.18,Others
March,BA.5.2.49,13,B.1.1.529.5.2.49,Others
March,BF.7.14.2,12,B.1.1.529.5.2.1.7.14.2,BF.7.14*
March,BN.1.3,11,B.1.1.529.2.75.5.1.3,BA.2.75*
March,XBB.1.5.24,11,XBB.1.5.24,XBB.1.5*
March,GF.1,10,XBB.1.5.24.1,XBB.1.5*
March,BN.1.3.9,10,B.1.1.529.2.75.5.1.3.9,BA.2.75*
March,FL.2,9,XBB.1.9.1.2,XBB.1.9.1*
March,XBB.1.9.2,9,XBB.1.9.2,Others
March,BN.1.3.5,8,B.1.1.529.2.75.5.1.3.5,BA.2.75*
March,XBF,7,XBF,Others
March,FR.1,7,B.1.1.529.2.75.5.1.2.3.1,BA.2.75*
March,FL.4,7,XBB.1.9.1.4,XBB.1.9.1*
March,XBB.1.16,6,XBB.1.16,XBB.1.16*
March,FB.1,6,B.1.1.529.5.3.1.1.1.1.1.2.1.1,Others
March,FY.3.1,6,XBB.1.22.1.3,XBB.1.22.1*
March,BN.1.3.10,6,B.1.1.529.2.75.5.1.3.10,BA.2.75*
March,XBB.1.5.23,6,XBB.1.5.23,XBB.1.5*
March,CH.1.1.11,6,B.1.1.529.2.75.3.4.1.1.1.1.11,BA.2.75*
March,BF.7.14.3,5,B.1.1.529.5.2.1.7.14.3,BF.7.14*
March,BA.5.2.6,5,B.1.1.529.5.2.6,Others
March,BN.1.2,4,B.1.1.529.2.75.5.1.2,BA.2.75*
March,EG.4,4,XBB.1.9.2.14,Others
March,CH.1.1,4,B.1.1.529.2.75.3.4.1.1.1.1,BA.2.75*
March,FL.10,4,XBB.1.9.1.10,XBB.1.9.1*
March,EJ.2,3,B.1.1.529.2.75.5.1.3.8.2,BA.2.75*
March,FL.2.4,3,XBB.1.9.1.2.4,XBB.1.9.1*
March,BF.7,3,B.1.1.529.5.2.1.7,Others
March,FL.2.1,3,XBB.1.9.1.2.1,XBB.1.9.1*
March,BA.5.2,3,B.1.1.529.5.2,Others
March,XBB.1.16.22,3,XBB.1.16.22,XBB.1.16*
March,XBB.1,3,XBB.1,Others
March,XBB.2.3.6,3,XBB.2.3.6,Others
March,XBB.1.16.1,2,XBB.1.16.1,XBB.1.16*
March,FY.3.2,2,XBB.1.22.1.3,XBB.1.22.1*
March,BF.7.14.7,2,B.1.1.529.5.2.1.7.14.7,BF.7.14*
March,FL.37,2,XBB.1.9.1.37,XBB.1.9.1*
March,CH.1.1.32,2,B.1.1.529.2.75.3.4.1.1.1.1.32,BA.2.75*
March,XBB.2.3,2,XBB.2.3,Others
March,XBB.1.17.1,2,XBB.1.17.1,Others
March,BA.5.2.1,2,B.1.1.529.5.2.1,Others
March,XBB.1.5.4,2,XBB.1.5.4,XBB.1.5*
March,EG.1,2,XBB.1.9.2.11,Others
March,XBB.1.42,1,XBB.1.42,Others
March,BN.1.1,1,B.1.1.529.2.75.5.1.1,BA.2.75*
March,BN.1.4,1,B.1.1.529.2.75.5.1.4,BA.2.75*
March,XBB.1.5.31,1,XBB.1.5.31,XBB.1.5*
March,XBB.1.5.104,1,XBB.1.5.104,XBB.1.5*
March,CQ.2,1,B.1.1.529.5.3.1.4.1.1.2,Others
March,BN.1.3.7,1,B.1.1.529.2.75.5.1.3.7,BA.2.75*
March,XBL.1,1,XBL.1,Others
March,BA.5.2.20,1,B.1.1.529.5.2.20,Others
March,FY.5,1,XBB.1.22.1.5,XBB.1.22.1*
March,XBL.3,1,XBL.3,Others
March,GB.2,1,XBB.1.5.46.2,XBB.1.5*
March,CH.1.1.3,1,B.1.1.529.2.75.3.4.1.1.1.1.3,BA.2.75*
March,DN.2,1,B.1.1.529.5.3.1.1.1.1.1.1.5.2,Others
March,BN.1.2.2,1,B.1.1.529.2.75.5.1.2.2,BA.2.75*
March,XBB.1.5.63,1,XBB.1.5.63,XBB.1.5*
March,XBB.1.5.76,1,XBB.1.5.76,XBB.1.5*
March,FL.3.3,1,XBB.1.9.1.3.3,XBB.1.9.1*
March,HH.4,1,XBB.2.3.2.4,Others
March,XBB.1.5.62,1,XBB.1.5.62,XBB.1.5*
March,EP.1.1.1,1,B.1.1.529.2.75.3.1.1.4.1.1.1,BA.2.75*
March,GW.1,1,XBB.1.19.1.1,Others
March,XBB.1.34.1,1,XBB.1.34.1,Others
March,CJ.1.3,1,B.1.1.529.2.75.3.1.1.1.1.3,BA.2.75*
March,XBB.1.19.1,1,XBB.1.19.1,Others
March,FU.1,1,XBB.1.16.1.1,XBB.1.16*
March,XAY.1.1.3,1,XAY.1.1.3,Others
March,FL.4.5,1,XBB.1.9.1.4.5,XBB.1.9.1*
March,EL.1,1,XBB.1.5.14.1,XBB.1.5*
March,FL.1,1,XBB.1.9.1.1,XBB.1.9.1*
March,FL.12,1,XBB.1.9.1.12,XBB.1.9.1*
March,FL.4.3,1,XBB.1.9.1.4.3,XBB.1.9.1*
March,XBB.2.3.2,1,XBB.2.3.2,Others
March,FL.5,1,XBB.1.9.1.5,XBB.1.9.1*
March,XBB.1.5.80,1,XBB.1.5.80,XBB.1.5*
March,FL.3.1,1,XBB.1.9.1.3.1,XBB.1.9.1*
March,BQ.1.1,1,B.1.1.529.5.3.1.1.1.1.1.1,Others
March,BF.7.18,1,B.1.1.529.5.2.1.7.18,Others
March,FY.1.1,1,XBB.1.22.1.1.1,XBB.1.22.1*
March,CH.1.1.1,1,B.1.1.529.2.75.3.4.1.1.1.1.1,BA.2.75*
March,EA.1,1,B.1.1.529.5.3.1.1.1.1.1.1.52.1,Others
March,FL.13,1,XBB.1.9.1.13,XBB.1.9.1*
March,GM.3,1,XBB.2.3.6.3,Others
March,XBB.1.9.5,1,XBB.1.9.5,Others
March,XBB.1.5.15,1,XBB.1.5.15,XBB.1.5*
March,BN.1.5.2,1,B.1.1.529.2.75.5.1.5.2,BA.2.75*
March,FL.18,1,XBB.1.9.1.18,XBB.1.9.1*
March,FL.11,1,XBB.1.9.1.11,XBB.1.9.1*
March,XBB.1.5.79,1,XBB.1.5.79,XBB.1.5*
March,XBB.1.5.1,1,XBB.1.5.1,XBB.1.5*
March,CH.1.1.18,1,B.1.1.529.2.75.3.4.1.1.1.1.18,BA.2.75*
March,XBB.1.5.96,1,XBB.1.5.96,XBB.1.5*
March,BQ.1.2,1,B.1.1.529.5.3.1.1.1.1.1.2,Others
March,XBB.1.5.18,1,XBB.1.5.18,XBB.1.5*
March,BA.5.1.32,1,B.1.1.529.5.1.32,Others
March,BQ.1,1,B.1.1.529.5.3.1.1.1.1.1,Others
March,XBB.1.5.40,1,XBB.1.5.40,XBB.1.5*
March,BN.1.3.6,1,B.1.1.529.2.75.5.1.3.6,BA.2.75*
March,XBB.1.16.5,1,XBB.1.16.5,XBB.1.16*
March,EG.2,1,XBB.1.9.2.12,Others
March,XBV,1,XBU,Others
March,XBB.1.16.18,1,XBB.1.16.18,XBB.1.16*
March,GW.4,1,XBB.1.19.1.4,Others
April,BF.7.14,394,B.1.1.529.5.2.1.7.14,BF.7.14*
April,DY.2,331,B.1.1.529.5.2.48.2,BA.5.2.48*
April,XBB.1.5,250,XBB.1.5,XBB.1.5*
April,FU.1,209,XBB.1.16.1.1,XBB.1.16*
April,XBB.1.16,158,XBB.1.16,XBB.1.16*
April,DY.4,119,B.1.1.529.5.2.48.4,BA.5.2.48*
April,BA.5.2.48,114,B.1.1.529.5.2.48,BA.5.2.48*
April,FL.4,113,XBB.1.9.1.4,XBB.1.9.1*
April,GF.1,104,XBB.1.5.24.1,XBB.1.5*
April,FY.3.1,101,XBB.1.22.1.3,XBB.1.22.1*
April,FL.2,92,XBB.1.9.1.2,XBB.1.9.1*
April,XBB.1.9.1,87,XBB.1.9.1,XBB.1.9.1*
April,DY.1,83,B.1.1.529.5.2.48.1,BA.5.2.48*
April,FL.2.3,82,XBB.1.9.1.2.3,XBB.1.9.1*
April,GW.1,71,XBB.1.19.1.1,Others
April,XBB.1.16.22,53,XBB.1.16.22,XBB.1.16*
April,BF.7.14.1,49,B.1.1.529.5.2.1.7.14.1,BF.7.14*
April,XBB.1.16.1,48,XBB.1.16.1,XBB.1.16*
April,BF.7.14.5,40,B.1.1.529.5.2.1.7.14.5,BF.7.14*
April,FL.2.4,39,XBB.1.9.1.2.4,XBB.1.9.1*
April,FR.1,32,B.1.1.529.2.75.5.1.2.3.1,BA.2.75*
April,DY.3,32,B.1.1.529.5.2.48.3,BA.5.2.48*
April,FL.13.1,32,XBB.1.9.1.13.1,XBB.1.9.1*
April,XBB.1.9.2,30,XBB.1.9.2,Others
April,FL.21.2,26,XBB.1.9.1.21.2,XBB.1.9.1*
April,EG.5.1.1,26,XBB.1.9.2.5.1.1,EG.5.1*
April,FY.3.2,25,XBB.1.22.1.3,XBB.1.22.1*
April,FR.1.1,24,B.1.1.529.2.75.5.1.2.3.1.1,BA.2.75*
April,EG.2,23,XBB.1.9.2.12,Others
April,XBB.1.5.15,22,XBB.1.5.15,XBB.1.5*
April,FL.4.2,20,XBB.1.9.1.4.2,XBB.1.9.1*
April,FL.3,19,XBB.1.9.1.3,XBB.1.9.1*
April,XBB.1.5.24,18,XBB.1.5.24,XBB.1.5*
April,BN.1.3.5,17,B.1.1.529.2.75.5.1.3.5,BA.2.75*
April,BN.1.2.7,17,B.1.1.529.2.75.5.1.2.7,BA.2.75*
April,FL.18,17,XBB.1.9.1.18,XBB.1.9.1*
April,EG.4.2,17,XBB.1.9.2.14.2,Others
April,BN.1.2,16,B.1.1.529.2.75.5.1.2,BA.2.75*
April,FL.4.11,16,XBB.1.9.1.4.11,XBB.1.9.1*
April,BF.7.14.4,15,B.1.1.529.5.2.1.7.14.4,BF.7.14*
April,XBB.2.3.6,15,XBB.2.3.6,Others
April,XBB.1.16.2,15,XBB.1.16.2,XBB.1.16*
April,GR.1,14,XBB.1.5.42.1,XBB.1.5*
April,FL.1,14,XBB.1.9.1.1,XBB.1.9.1*
April,FL.16,14,XBB.1.9.1.16,XBB.1.9.1*
April,FL.5,13,XBB.1.9.1.5,XBB.1.9.1*
April,BN.1.3,13,B.1.1.529.2.75.5.1.3,BA.2.75*
April,EU.1.1,13,XBB.1.5.26.1.1,XBB.1.5*
April,EG.13,13,XBB.1.9.2.113,Others
April,EG.1,12,XBB.1.9.2.11,Others
April,XBB.1.16.18,12,XBB.1.16.18,XBB.1.16*
April,FR.1.4,11,B.1.1.529.2.75.5.1.2.3.1.4,BA.2.75*
April,FY.3.3,11,XBB.1.22.1.3,XBB.1.22.1*
April,BQ.1.1.18,11,B.1.1.529.5.3.1.1.1.1.1.1.18,Others
April,FE.1.1,10,XBB.1.18.1.1.1,Others
April,XBB.1.24.3,10,XBB.1.24.3,Others
April,FY.3,10,XBB.1.22.1.3,XBB.1.22.1*
April,EG.4,10,XBB.1.9.2.14,Others
April,FL.4.5,10,XBB.1.9.1.4.5,XBB.1.9.1*
April,XBL.3,10,XBL.3,Others
April,XBB.1.5.17,10,XBB.1.5.17,XBB.1.5*
April,XBB.1.5.63,10,XBB.1.5.63,XBB.1.5*
April,XBB.2.3,10,XBB.2.3,Others
April,FB.1,9,B.1.1.529.5.3.1.1.1.1.1.2.1.1,Others
April,DZ.1,9,B.1.1.529.5.2.49.1,Others
April,BF.7.14.6,9,B.1.1.529.5.2.1.7.14.6,BF.7.14*
April,FP.4,9,XBB.1.11.1.4,Others
April,XBB.1.42.2,9,XBB.1.42.2,Others
April,XBB.1.18.1,9,XBB.1.18.1,Others
April,XBB.1.9.6,8,XBB.1.9.6,Others
April,FL.4.6,8,XBB.1.9.1.4.6,XBB.1.9.1*
April,FL.13,8,XBB.1.9.1.13,XBB.1.9.1*
April,BF.7.14.2,8,B.1.1.529.5.2.1.7.14.2,BF.7.14*
April,GB.2,8,XBB.1.5.46.2,XBB.1.5*
April,BF.7.14.7,8,B.1.1.529.5.2.1.7.14.7,BF.7.14*
April,XBB.1.22.2,7,XBB.1.22.2,Others
April,XBB.1.5.12,7,XBB.1.5.12,XBB.1.5*
April,XBB.2.3.2,7,XBB.2.3.2,Others
April,DZ.2,7,B.1.1.529.5.2.49.2,Others
April,BN.1.2.6,7,B.1.1.529.2.75.5.1.2.6,BA.2.75*
April,DY.1.1,7,B.1.1.529.5.2.48.1.1,BA.5.2.48*
April,XBF,6,XBF,Others
April,BA.5.1.32,6,B.1.1.529.5.1.32,Others
April,BA.5.2.49,6,B.1.1.529.5.2.49,Others
April,XBB.1.44.1,6,XBB.1.44.1,Others
April,BA.5.2.50,6,B.1.1.529.5.2.50,Others
April,DV.6.2,6,B.1.1.529.2.75.3.4.1.1.1.1.1.6.2,BA.2.75*
April,XBB.1.5.7,6,XBB.1.5.7,XBB.1.5*
April,FL.37,6,XBB.1.9.1.37,XBB.1.9.1*
April,FL.15,6,XBB.1.9.1.15,XBB.1.9.1*
April,XBB.1.22.1,6,XBB.1.22.1,XBB.1.22.1*
April,EG.14,6,XBB.1.9.2.114,Others
April,BN.1.1.1,5,B.1.1.529.2.75.5.1.1.1,BA.2.75*
April,XBB.1.17.1,5,XBB.1.17.1,Others
April,FR.1.2,5,B.1.1.529.2.75.5.1.2.3.1.2,BA.2.75*
April,FL.10,5,XBB.1.9.1.10,XBB.1.9.1*
April,GY.5,5,XBB.1.16.2.5,XBB.1.16*
April,HH.1,5,XBB.2.3.2.1,Others
April,GY.1,5,XBB.1.16.2.1,XBB.1.16*
April,BN.1.2.2,5,B.1.1.529.2.75.5.1.2.2,BA.2.75*
April,XBB.1.5.1,5,XBB.1.5.1,XBB.1.5*
April,GJ.3,5,XBB.2.3.3.3,Others
April,FL.22,5,XBB.1.9.1.22,XBB.1.9.1*
April,FL.12,5,XBB.1.9.1.12,XBB.1.9.1*
April,BN.1.5,5,B.1.1.529.2.75.5.1.5,BA.2.75*
April,GM.1,4,XBB.2.3.6.1,Others
April,BN.1.3.13,4,B.1.1.529.2.75.5.1.3.13,BA.2.75*
April,XBB.2.3.7,4,XBB.2.3.7,Others
April,XBB.1.5.62,4,XBB.1.5.62,XBB.1.5*
April,CH.1.1,4,B.1.1.529.2.75.3.4.1.1.1.1,BA.2.75*
April,GS.8,4,XBB.2.3.11.8,Others
April,BN.1.2.5,4,B.1.1.529.2.75.5.1.2.5,BA.2.75*
April,XBB.1.5.13,4,XBB.1.5.13,XBB.1.5*
April,EG.1.6,3,XBB.1.9.2.11.6,Others
April,FY.1.1,3,XBB.1.22.1.1.1,XBB.1.22.1*
April,FD.3,3,XBB.1.5.15.3,XBB.1.5*
April,FU.3,3,XBB.1.16.1.3,XBB.1.16*
April,BF.7.14.3,3,B.1.1.529.5.2.1.7.14.3,BF.7.14*
April,EG.5.1,3,XBB.1.9.2.5.1,EG.5.1*
April,CH.1.1.11,3,B.1.1.529.2.75.3.4.1.1.1.1.11,BA.2.75*
April,FL.8,3,XBB.1.9.1.8,XBB.1.9.1*
April,FL.3.1,3,XBB.1.9.1.3.1,XBB.1.9.1*
April,XBB.1.5.76,3,XBB.1.5.76,XBB.1.5*
April,XBB.1.16.10,3,XBB.1.16.10,XBB.1.16*
April,FL.4.10,3,XBB.1.9.1.4.10,XBB.1.9.1*
April,FK.1.1.2,3,B.1.1.529.2.75.3.4.1.1.1.1.17.1.1.2,BA.2.75*
April,XBB.1.5.57,3,XBB.1.5.57,XBB.1.5*
April,XBB.1.24,3,XBB.1.42.2,Others
April,EG.5.2.2,3,XBB.1.9.2.15.2.2,Others
April,GW.4,3,XBB.1.19.1.4,Others
April,XBB.1.5.49,3,XBB.1.5.49,XBB.1.5*
April,XBB.1.16.21,3,XBB.1.16.21,XBB.1.16*
April,XBL.2,3,XBL.2,Others
April,BR.2.1,3,B.1.1.529.2.75.4.2.1,BA.2.75*
April,XBB.1.5.85,3,XBB.1.5.85,XBB.1.5*
April,XBB.1.24.1,3,XBB.1.24.1,Others
April,FL.1.3,3,XBB.1.9.1.1.3,XBB.1.9.1*
April,GA.5,3,XBB.1.17.1.5,Others
April,XBB.1.5.20,3,XBB.1.5.20,XBB.1.5*
April,XBB.1.5.35,3,XBB.1.5.35,XBB.1.5*
April,CH.1.1.1,3,B.1.1.529.2.75.3.4.1.1.1.1.1,BA.2.75*
April,BA.5.2,3,B.1.1.529.5.2,Others
April,GV.1,3,XBB.1.5.48.1,XBB.1.5*
April,XBB.1.19.1,3,XBB.1.19.1,Others
April,BA.5.2.6,3,B.1.1.529.5.2.6,Others
April,FL.5.1,2,XBB.1.9.1.5.1,XBB.1.9.1*
April,XBB.1.22,2,XBB.1.22,Others
April,XBB.1.5.23,2,XBB.1.5.23,XBB.1.5*
April,XBB.1.5.46,2,XBB.1.5.46,XBB.1.5*
April,GA.1,2,XBB.1.17.1.1,Others
April,GM.3,2,XBB.2.3.6.3,Others
April,BA.5.2.1,2,B.1.1.529.5.2.1,Others
April,FE.1.1.3,2,XBB.1.18.1.1.1.3,Others
April,GM.2,2,XBB.2.3.6.2,Others
April,XBB.1.16.19,2,XBB.1.16.19,XBB.1.16*
April,XBB.1.37.1,2,XBB.1.37.1,Others
April,BN.1.2.3,2,B.1.1.529.2.75.5.1.2.3,BA.2.75*
April,XBB.1.16.3,2,XBB.1.16.3,XBB.1.16*
April,XBB.1.5.22,2,XBB.1.5.22,XBB.1.5*
April,XBB.1.16.8,2,XBB.1.16.8,XBB.1.16*
April,XBB.1.9.7,2,XBB.1.9.7,Others
April,GJ.1.2,2,XBB.2.3.3.1.2,Others
April,FR.1.3,2,B.1.1.529.2.75.5.1.2.3.1.3,BA.2.75*
April,XBB.1.5.18,2,XBB.1.5.18,XBB.1.5*
April,EG.5.2,2,XBB.1.9.2.15.2,Others
April,XBB.1.5.39,2,XBB.1.5.39,XBB.1.5*
April,BQ.1.1.1,2,B.1.1.529.5.3.1.1.1.1.1.1.1,Others
April,HH.1.1,2,XBB.2.3.2.1.1,Others
April,XBB.1.5.48,2,XBB.1.5.48,XBB.1.5*
April,XBB.2.3.11,2,XBB.2.3.11,Others
April,XBC.1,2,XBC.1,Others
April,XBB.1.5.66,2,XBB.1.5.66,XBB.1.5*
April,FU.2,2,XBB.1.16.1.2,XBB.1.16*
April,XBB.1.5.59,2,XBB.1.5.59,XBB.1.5*
April,XBB.2.3.4,2,XBB.2.3.4,Others
April,EL.1,2,XBB.1.5.14.1,XBB.1.5*
April,EG.1.8,2,XBB.1.9.2.11.8,Others
April,XAY.1.1.3,2,XAY.1.1.3,Others
April,EJ.2,2,B.1.1.529.2.75.5.1.3.8.2,BA.2.75*
April,GA.8,2,XBB.1.17.1.8,Others
April,XBB.2.3.1,1,XBB.2.3.1,Others
April,BN.1.4,1,B.1.1.529.2.75.5.1.4,BA.2.75*
April,BA.5.2.43,1,B.1.1.529.5.2.43,Others
April,GB.1,1,XBB.1.5.46.1,XBB.1.5*
April,XBB.1.5.60,1,XBB.1.5.60,XBB.1.5*
April,XBF.7,1,XBF.7,Others
April,XBB.1.43.1,1,XBB.1.43.1,Others
April,FL.23.1,1,XBB.1.9.1.23.1,XBB.1.9.1*
April,FG.2,1,XBB.1.5.16.2,XBB.1.5*
April,GY.6,1,XBB.1.16.2.6,XBB.1.16*
April,XBB.1.5.67,1,XBB.1.5.67,XBB.1.5*
April,XBB.1.16.25,1,XBB.1.16.25,XBB.1.16*
April,GW.1.1,1,XBB.1.19.1.1.1,Others
April,HL.2,1,XBB.1.42.2.2,Others
April,BN.1,1,B.1.1.529.2.75.5.1,BA.2.75*
April,XBB.1.34.1,1,XBB.1.34.1,Others
April,BF.12,1,B.1.1.529.5.2.1.12,Others
April,GE.1,1,XBB.2.3.10.1,Others
April,GY.7,1,XBB.1.16.2.7,XBB.1.16*
April,JD.2,1,XBB.1.5.102.2,XBB.1.5*
April,BQ.1.2.1,1,B.1.1.529.5.3.1.1.1.1.1.2.1,Others
April,BQ.1.1.22,1,B.1.1.529.5.3.1.1.1.1.1.1.22,Others
April,CM.8.1.4,1,B.1.1.529.2.3.20.8.1.4,Others
April,XBB.1.5.11,1,XBB.1.5.11,XBB.1.5*
April,FL.1.4,1,XBB.1.9.1.1.4,XBB.1.9.1*
April,XBL.3.1,1,XBL.3.1,Others
April,CM.2.1,1,B.1.1.529.2.3.20.2.1,Others
April,BN.1.3.6,1,B.1.1.529.2.75.5.1.3.6,BA.2.75*
April,FL.4.4,1,XBB.1.9.1.4.4,XBB.1.9.1*
April,FL.1.6,1,XBB.1.9.1.1.6,XBB.1.9.1*
April,FY.6.2,1,XBB.1.22.1.6.2,XBB.1.22.1*
April,XBB.1.5.55,1,XBB.1.5.55,XBB.1.5*
April,XBB.1.5.101,1,XBB.1.5.101,XBB.1.5*
April,HB.1,1,XBB.1.34.2.1,Others
April,EG.1.4,1,XBB.1.9.2.11.4,Others
April,BQ.1.1,1,B.1.1.529.5.3.1.1.1.1.1.1,Others
April,CH.1.1.16,1,B.1.1.529.2.75.3.4.1.1.1.1.16,BA.2.75*
April,GL.2,1,XAY.1.1.1.2,Others
April,XBB.1.5.32,1,XBB.1.5.32,XBB.1.5*
April,XBB.1.5.56,1,XBB.1.5.56,XBB.1.5*
April,XBB.1.5.96,1,XBB.1.5.96,XBB.1.5*
April,XBB.1.31.2,1,XBB.1.31.2,Others
April,FL.26,1,XBB.1.9.1.26,XBB.1.9.1*
April,XBB.2.3.5,1,XBB.2.3.5,Others
April,FP.1,1,XBB.1.11.1.1,Others
April,BQ.1.1.44,1,B.1.1.529.5.3.1.1.1.1.1.1.44,Others
April,FL.2.1,1,XBB.1.9.1.2.1,XBB.1.9.1*
April,XBB.2.3.3,1,XBB.2.3.3,Others
April,EG.6,1,XBB.1.9.2.16,Others
April,XBB.3.4,1,XBB.3.4,Others
April,FL.18.1,1,XBB.1.9.1.18.1,XBB.1.9.1*
April,XBB.1.42.1,1,XBB.1.42.1,Others
April,CM.8.1,1,B.1.1.529.2.3.20.8.1,Others
April,HF.1,1,XBB.1.16.13.1,XBB.1.16*
April,XBB.1.5.107,1,XBB.1.5.107,XBB.1.5*
April,JW.1,1,XBB.1.41.3.1,Others
April,XBB.1.5.43,1,XBB.1.5.43,XBB.1.5*
April,XBB.2.3.13,1,XBB.2.3.13,Others
April,GY.3,1,XBB.1.16.2.3,XBB.1.16*
April,FL.27,1,XBB.1.9.1.27,XBB.1.9.1*
April,CH.1.1.17,1,B.1.1.529.2.75.3.4.1.1.1.1.17,BA.2.75*
April,FY.6,1,XBB.1.22.1.6,XBB.1.22.1*
April,XBB.1.5.33,1,XBB.1.5.33,XBB.1.5*
April,XBB.1.16.6,1,XBB.1.16.6,XBB.1.16*
April,XBB.1.5.45,1,XBB.1.5.45,XBB.1.5*
April,GJ.1.1,1,XBB.2.3.3.1.1,Others
April,XDB,1,XDB,Others
April,BN.1.1,1,B.1.1.529.2.75.5.1.1,BA.2.75*
April,FY.5,1,XBB.1.22.1.5,XBB.1.22.1*
April,FK.1.2.2,1,B.1.1.529.2.75.3.4.1.1.1.1.17.1.2.2,BA.2.75*
April,BN.3.1,1,B.1.1.529.2.75.5.3.1,BA.2.75*
April,BQ.1.2.2,1,B.1.1.529.5.3.1.1.1.1.1.2.2,Others
April,XBB.1.42,1,XBB.1.42,Others
April,XBB.1.5.77,1,XBB.1.5.77,XBB.1.5*
April,GA.9,1,XBB.1.17.1.9,Others
April,BN.1.3.9,1,B.1.1.529.2.75.5.1.3.9,BA.2.75*
April,XBB.1.5.21,1,XBB.1.5.21,XBB.1.5*
April,HH.7,1,XBB.2.3.2.7,Others
April,XBB.1.16.7,1,XBB.1.16.7,XBB.1.16*
April,JZ.1,1,XBB.1.5.107.1,XBB.1.5*
April,XBB.1.5.98,1,XBB.1.5.98,XBB.1.5*
April,FL.14,1,XBB.1.9.1.14,XBB.1.9.1*
April,FL.2.6,1,XBB.1.9.1.2.6,XBB.1.9.1*
April,HJ.1,1,XBB.1.5.1.1,XBB.1.5*
April,XBB.1.5.92,1,XBB.1.5.92,XBB.1.5*
April,XBB.1.16.4,1,XBB.1.16.4,XBB.1.16*
April,BF.7.18,1,B.1.1.529.5.2.1.7.18,Others
April,FK.1.1,1,B.1.1.529.2.75.3.4.1.1.1.1.17.1.1,BA.2.75*
April,XBB.1.5.52,1,XBB.1.5.52,XBB.1.5*
April,FL.17,1,XBB.1.9.1.17,XBB.1.9.1*
April,XBF.3,1,XBF.3,Others
May,FU.1,878,XBB.1.16.1.1,XBB.1.16*
May,XBB.1.16,416,XBB.1.16,XBB.1.16*
May,FL.2.3,366,XBB.1.9.1.2.3,XBB.1.9.1*
May,FL.4,321,XBB.1.9.1.4,XBB.1.9.1*
May,EG.5.1.1,315,XBB.1.9.2.5.1.1,EG.5.1*
May,GF.1,309,XBB.1.5.24.1,XBB.1.5*
May,XBB.1.5,296,XBB.1.5,XBB.1.5*
May,FY.3.1,275,XBB.1.22.1.3,XBB.1.22.1*
May,FL.2,240,XBB.1.9.1.2,XBB.1.9.1*
May,FL.16,153,XBB.1.9.1.16,XBB.1.9.1*
May,XBB.1.9.1,148,XBB.1.9.1,XBB.1.9.1*
May,FL.2.4,128,XBB.1.9.1.2.4,XBB.1.9.1*
May,FL.13.1,108,XBB.1.9.1.13.1,XBB.1.9.1*
May,FE.1.1,105,XBB.1.18.1.1.1,Others
May,FR.1.1,104,B.1.1.529.2.75.5.1.2.3.1.1,BA.2.75*
May,XBB.1.16.1,102,XBB.1.16.1,XBB.1.16*
May,FY.3.3,91,XBB.1.22.1.3,XBB.1.22.1*
May,FY.3.2,84,XBB.1.22.1.3,XBB.1.22.1*
May,FY.3,81,XBB.1.22.1.3,XBB.1.22.1*
May,FL.21.2,76,XBB.1.9.1.21.2,XBB.1.9.1*
May,EG.2,69,XBB.1.9.2.12,Others
May,XBB.1.42.2,64,XBB.1.42.2,Others
May,XBB.1.5.15,60,XBB.1.5.15,XBB.1.5*
May,FL.4.11,59,XBB.1.9.1.4.11,XBB.1.9.1*
May,FR.1.3,57,B.1.1.529.2.75.5.1.2.3.1.3,BA.2.75*
May,FL.4.6,57,XBB.1.9.1.4.6,XBB.1.9.1*
May,XBB.1.16.22,57,XBB.1.16.22,XBB.1.16*
May,GY.1,52,XBB.1.16.2.1,XBB.1.16*
May,XBB.1.9.2,48,XBB.1.9.2,Others
May,BF.7.14,48,B.1.1.529.5.2.1.7.14,BF.7.14*
May,XBB.1.16.18,46,XBB.1.16.18,XBB.1.16*
May,DY.2,44,B.1.1.529.5.2.48.2,BA.5.2.48*
May,XBB.1.5.24,38,XBB.1.5.24,XBB.1.5*
May,FR.1.4,37,B.1.1.529.2.75.5.1.2.3.1.4,BA.2.75*
May,FE.1.1.3,35,XBB.1.18.1.1.1.3,Others
May,GR.1,31,XBB.1.5.42.1,XBB.1.5*
May,GJ.1.2,31,XBB.2.3.3.1.2,Others
May,FL.13,31,XBB.1.9.1.13,XBB.1.9.1*
May,XBB.1.16.2,30,XBB.1.16.2,XBB.1.16*
May,FL.37,29,XBB.1.9.1.37,XBB.1.9.1*
May,FR.1,28,B.1.1.529.2.75.5.1.2.3.1,BA.2.75*
May,GW.1,28,XBB.1.19.1.1,Others
May,FL.4.2,26,XBB.1.9.1.4.2,XBB.1.9.1*
May,FL.5,25,XBB.1.9.1.5,XBB.1.9.1*
May,XBB.1.5.59,23,XBB.1.5.59,XBB.1.5*
May,XBB.1.24.3,22,XBB.1.24.3,Others
May,XBL.3,20,XBL.3,Others
May,EG.5.1,19,XBB.1.9.2.5.1,EG.5.1*
May,BN.1.2.7,19,B.1.1.529.2.75.5.1.2.7,BA.2.75*
May,FL.4.10,19,XBB.1.9.1.4.10,XBB.1.9.1*
May,FL.18,18,XBB.1.9.1.18,XBB.1.9.1*
May,XBB.1.44.1,18,XBB.1.44.1,Others
May,EU.1.1,17,XBB.1.5.26.1.1,XBB.1.5*
May,EG.4.2,17,XBB.1.9.2.14.2,Others
May,FL.35,17,XBB.1.9.1.35,XBB.1.9.1*
May,FL.12,17,XBB.1.9.1.12,XBB.1.9.1*
May,DY.1,17,B.1.1.529.5.2.48.1,BA.5.2.48*
May,GY.5,16,XBB.1.16.2.5,XBB.1.16*
May,XBB.2.3.7,16,XBB.2.3.7,Others
May,EG.1,16,XBB.1.9.2.11,Others
May,EG.13,15,XBB.1.9.2.113,Others
May,FR.1.2,15,B.1.1.529.2.75.5.1.2.3.1.2,BA.2.75*
May,XBB.1.5.62,14,XBB.1.5.62,XBB.1.5*
May,FL.15,14,XBB.1.9.1.15,XBB.1.9.1*
May,EG.14,14,XBB.1.9.2.114,Others
May,FP.4,13,XBB.1.11.1.4,Others
May,XBB.2.3,13,XBB.2.3,Others
May,HH.1,13,XBB.2.3.2.1,Others
May,EG.4,13,XBB.1.9.2.14,Others
May,XBB.2.3.2,13,XBB.2.3.2,Others
May,XBB.1.5.17,13,XBB.1.5.17,XBB.1.5*
May,BN.1.2.6,12,B.1.1.529.2.75.5.1.2.6,BA.2.75*
May,BN.1.2,12,B.1.1.529.2.75.5.1.2,BA.2.75*
May,GJ.3,12,XBB.2.3.3.3,Others
May,XBB.1.5.7,11,XBB.1.5.7,XBB.1.5*
May,XBB.1.16.25,11,XBB.1.16.25,XBB.1.16*
May,GY.6,11,XBB.1.16.2.6,XBB.1.16*
May,XBB.1.16.19,10,XBB.1.16.19,XBB.1.16*
May,XBB.1.22.2,10,XBB.1.22.2,Others
May,XBB.1.17.1,10,XBB.1.17.1,Others
May,EG.1.8,10,XBB.1.9.2.11.8,Others
May,XBB.1.22.1,9,XBB.1.22.1,XBB.1.22.1*
May,XBB.1.22,9,XBB.1.22,Others
May,FL.4.5,9,XBB.1.9.1.4.5,XBB.1.9.1*
May,EG.5.2.2,9,XBB.1.9.2.15.2.2,Others
May,FL.1.3,9,XBB.1.9.1.1.3,XBB.1.9.1*
May,FL.1,9,XBB.1.9.1.1,XBB.1.9.1*
May,XBB.2.3.5,9,XBB.2.3.5,Others
May,XBB.1.16.7,8,XBB.1.16.7,XBB.1.16*
May,XBB.1.5.23,8,XBB.1.5.23,XBB.1.5*
May,FL.3,8,XBB.1.9.1.3,XBB.1.9.1*
May,XBB.1.5.4,7,XBB.1.5.4,XBB.1.5*
May,GA.1,7,XBB.1.17.1.1,Others
May,GW.4,7,XBB.1.19.1.4,Others
May,FL.13.2,7,XBB.1.9.1.13.2,XBB.1.9.1*
May,XBB.1.46,7,XBB.1.46,Others
May,XBB.2.3.19,7,XBB.2.3.7,Others
May,FL.24,6,XBB.1.9.1.24,XBB.1.9.1*
May,GB.2,6,XBB.1.5.46.2,XBB.1.5*
May,XBB.1.9.6,6,XBB.1.9.6,Others
May,BF.7.14.1,6,B.1.1.529.5.2.1.7.14.1,BF.7.14*
May,XBB.1.43.1,6,XBB.1.43.1,Others
May,FU.2.1,6,XBB.1.16.1.2.1,XBB.1.16*
May,GV.1,6,XBB.1.5.48.1,XBB.1.5*
May,XBB.1.9.5,6,XBB.1.9.5,Others
May,XBB.1.16.4,6,XBB.1.16.4,XBB.1.16*
May,CH.1.1,5,B.1.1.529.2.75.3.4.1.1.1.1,BA.2.75*
May,HL.2,5,XBB.1.42.2.2,Others
May,GA.9,5,XBB.1.17.1.9,Others
May,XBB.2.3.6,5,XBB.2.3.6,Others
May,DY.4,5,B.1.1.529.5.2.48.4,BA.5.2.48*
May,HK.1,5,XBB.1.9.2.5.1.1.1,EG.5.1*
May,BF.7.14.5,5,B.1.1.529.5.2.1.7.14.5,BF.7.14*
May,BN.1.3,5,B.1.1.529.2.75.5.1.3,BA.2.75*
May,XBB.1.5.63,5,XBB.1.5.63,XBB.1.5*
May,XBB.1.5.32,5,XBB.1.5.32,XBB.1.5*
May,FL.18.1,5,XBB.1.9.1.18.1,XBB.1.9.1*
May,HK.4,4,XBB.1.9.2.5.1.1.4,EG.5.1*
May,DV.6.2,4,B.1.1.529.2.75.3.4.1.1.1.1.1.6.2,BA.2.75*
May,EG.4.4,4,XBB.1.9.2.14.4,Others
May,FL.2.2.1,4,XBB.1.9.1.2.2.1,XBB.1.9.1*
May,FL.23.1,4,XBB.1.9.1.23.1,XBB.1.9.1*
May,XBB.1.16.12,4,XBB.1.16.12,XBB.1.16*
May,FY.2.1,4,XBB.1.22.1.2.1,XBB.1.22.1*
May,XBB.1.16.8,4,XBB.1.16.8,XBB.1.16*
May,XBB.1.24.1,4,XBB.1.24.1,Others
May,GE.1.4,4,XBB.2.3.10.1.4,Others
May,XBB.1.16.13,4,XBB.1.16.13,XBB.1.16*
May,FL.1.4,4,XBB.1.9.1.1.4,XBB.1.9.1*
May,GM.1,4,XBB.2.3.6.1,Others
May,XBB.1.31.2,4,XBB.1.31.2,Others
May,EG.5.1.4,4,XBB.1.9.2.5.1.4,EG.5.1*
May,XBB.2.3.11,4,XBB.2.3.11,Others
May,XBB.1.16.21,4,XBB.1.16.21,XBB.1.16*
May,FL.22,4,XBB.1.9.1.22,XBB.1.9.1*
May,XBB.2.3.8,4,XBB.2.3.8,Others
May,BN.1.3.13,3,B.1.1.529.2.75.5.1.3.13,BA.2.75*
May,GA.5,3,XBB.1.17.1.5,Others
May,FD.3,3,XBB.1.5.15.3,XBB.1.5*
May,XBB.1.16.10,3,XBB.1.16.10,XBB.1.16*
May,FB.1,3,B.1.1.529.5.3.1.1.1.1.1.2.1.1,Others
May,HB.1,3,XBB.1.34.2.1,Others
May,FK.1.2.2,3,B.1.1.529.2.75.3.4.1.1.1.1.17.1.2.2,BA.2.75*
May,FP.1,3,XBB.1.11.1.1,Others
May,XBB.1.5.13,3,XBB.1.5.13,XBB.1.5*
May,XBB.1.5.25,3,XBB.1.5.25,XBB.1.5*
May,XBB.1.5.85,3,XBB.1.5.85,XBB.1.5*
May,XBB.2.3.9,3,XBB.2.3.9,Others
May,XBB.2.9,3,XBB.2.9,Others
May,XBB.1.16.11,3,XBB.1.16.11,XBB.1.16*
May,XBB.2.3.12,3,XBB.2.3.12,Others
May,XBB.1.5.77,3,XBB.1.5.77,XBB.1.5*
May,BA.5.2.48,3,B.1.1.529.5.2.48,BA.5.2.48*
May,XDB,3,XDB,Others
May,XBB.1.42,3,XBB.1.42,Others
May,XBB.1.21,3,XBB.1.21,Others
May,GY.7,3,XBB.1.16.2.7,XBB.1.16*
May,DY.3,3,B.1.1.529.5.2.48.3,BA.5.2.48*
May,XBB.1.5.37,2,XBB.1.5.37,XBB.1.5*
May,GY.2.1,2,XBB.1.16.2.2.1,XBB.1.16*
May,FY.1.4,2,XBB.1.22.1.1.4,XBB.1.22.1*
May,FY.2,2,XBB.1.22.1.2,XBB.1.22.1*
May,FL.5.1,2,XBB.1.9.1.5.1,XBB.1.9.1*
May,EG.1.6,2,XBB.1.9.2.11.6,Others
May,XBB.1.5.57,2,XBB.1.5.57,XBB.1.5*
May,FU.2,2,XBB.1.16.1.2,XBB.1.16*
May,XBB.1.16.5,2,XBB.1.16.5,XBB.1.16*
May,XAY.1.1.3,2,XAY.1.1.3,Others
May,GA.2,2,XBB.1.17.1.2,Others
May,XBB.1.31,2,XBB.1.31,Others
May,XBF,2,XBF,Others
May,FE.1.2,2,XBB.1.18.1.1.2,Others
May,FL.1.6,2,XBB.1.9.1.1.6,XBB.1.9.1*
May,XBB.1.41,2,XBB.1.41,Others
May,XBL.2,2,XBL.2,Others
May,HH.7,2,XBB.2.3.2.7,Others
May,BN.1.3.5,2,B.1.1.529.2.75.5.1.3.5,BA.2.75*
May,FL.4.3,2,XBB.1.9.1.4.3,XBB.1.9.1*
May,GK.1,2,XBB.1.5.70.1,XBB.1.5*
May,XBB.1.5.12,2,XBB.1.5.12,XBB.1.5*
May,XBB.1.5.49,2,XBB.1.5.49,XBB.1.5*
May,GM.2,2,XBB.2.3.6.2,Others
May,FL.23.2.1,2,XBB.1.9.1.23.2.1,XBB.1.9.1*
May,FL.14,2,XBB.1.9.1.14,XBB.1.9.1*
May,GY.3,2,XBB.1.16.2.3,XBB.1.16*
May,FL.7,2,XBB.1.9.1.7,XBB.1.9.1*
May,FL.10,2,XBB.1.9.1.10,XBB.1.9.1*
May,FY.1.1,2,XBB.1.22.1.1.1,XBB.1.22.1*
May,XBB.1.19.1,2,XBB.1.19.1,Others
May,BN.1.1,2,B.1.1.529.2.75.5.1.1,BA.2.75*
May,XBB.1.5.28,2,XBB.1.5.28,XBB.1.5*
May,XBB.1.5.16,2,XBB.1.5.16,XBB.1.5*
May,BF.7.14.2,2,B.1.1.529.5.2.1.7.14.2,BF.7.14*
May,HH.2,2,XBB.2.3.2.2,Others
May,FL.34,2,XBB.1.9.1.34,XBB.1.9.1*
May,FL.2.3.1,2,XBB.1.9.1.2.3.1,XBB.1.9.1*
May,BN.1.3.9,2,B.1.1.529.2.75.5.1.3.9,BA.2.75*
May,EJ.2,2,B.1.1.529.2.75.5.1.3.8.2,BA.2.75*
May,XBB.1.5.84,1,XBB.1.5.84,XBB.1.5*
May,XBB.1.16.3,1,XBB.1.16.3,XBB.1.16*
May,XBB.1.16.20,1,XBB.1.16.20,XBB.1.16*
May,HH.2.1,1,XBB.2.3.2.2.1,Others
May,BQ.1.1.53,1,B.1.1.529.5.3.1.1.1.1.1.1.53,Others
May,FL.1.2,1,XBB.1.9.1.1.2,XBB.1.9.1*
May,EG.3,1,XBB.1.9.2.13,Others
May,XBB.1.5.52,1,XBB.1.5.52,XBB.1.5*
May,EG.8,1,XBB.1.9.2.18,Others
May,XBB.1.5.20,1,XBB.1.5.20,XBB.1.5*
May,FL.31,1,XBB.1.9.1.31,XBB.1.9.1*
May,EG.5.2,1,XBB.1.9.2.15.2,Others
May,XBB.1.5.39,1,XBB.1.5.39,XBB.1.5*
May,BF.7.14.4,1,B.1.1.529.5.2.1.7.14.4,BF.7.14*
May,FL.2.1,1,XBB.1.9.1.2.1,XBB.1.9.1*
May,EG.6,1,XBB.1.9.2.16,Others
May,FL.3.1,1,XBB.1.9.1.3.1,XBB.1.9.1*
May,XBB.1.31.1,1,XBB.1.31.1,Others
May,HK.2,1,XBB.1.9.2.5.1.1.2,EG.5.1*
May,HK.28,1,XBB.1.9.2.5.1.1.28,EG.5.1*
May,GA.6,1,XBB.1.17.1.6,Others
May,XBB.1.41.3,1,XBB.1.41.3,Others
May,HK.30,1,XBB.1.9.2.5.1.1.30,EG.5.1*
May,HQ.1,1,XBB.1.5.92.1,XBB.1.5*
May,FK.1.1.2,1,B.1.1.529.2.75.3.4.1.1.1.1.17.1.1.2,BA.2.75*
May,FL.21,1,XBB.1.9.1.21,XBB.1.9.1*
May,XBB.1.24,1,XBB.1.24,Others
May,FL.1.5.1,1,XBB.1.9.1.1.5.1,XBB.1.9.1*
May,FL.13.4,1,XBB.1.9.1.13.4,XBB.1.9.1*
May,FY.5,1,XBB.1.22.1.5,XBB.1.22.1*
May,XBB.1.5.53,1,XBB.1.5.53,XBB.1.5*
May,EG.5.1.15,1,XBB.1.9.2.5.1.15,EG.5.1*
May,FL.4.8,1,XBB.1.9.1.4.8,XBB.1.9.1*
May,XBB.1.5.1,1,XBB.1.5.1,XBB.1.5*
May,XBB.1.28,1,XBB.1.28,Others
May,DY.1.1,1,B.1.1.529.5.2.48.1.1,BA.5.2.48*
May,EG.5,1,XBB.1.9.2.15,Others
May,XBB.1.5.72,1,XBB.1.5.72,XBB.1.5*
May,XBB.1.39,1,XBB.1.39,Others
May,FY.1,1,XBB.1.22.1.1,XBB.1.22.1*
May,XBB.1.5.76,1,XBB.1.5.76,XBB.1.5*
May,XBB.2.3.3,1,XBB.2.3.3,Others
May,XBB.1.5.47,1,XBB.1.5.47,XBB.1.5*
May,FK.1.1,1,B.1.1.529.2.75.3.4.1.1.1.1.17.1.1,BA.2.75*
May,FL.18.1.1,1,XBB.1.9.1.18.1.1,XBB.1.9.1*
May,XBL.3.1,1,XBL.3.1,Others
May,FL.6,1,XBB.1.9.1.6,XBB.1.9.1*
May,XBB.1.5.30,1,XBB.1.5.30,XBB.1.5*
May,GJ.5,1,XBB.2.3.3.5,Others
May,GL.2,1,XAY.1.1.1.2,Others
May,XBB.1.5.18,1,XBB.1.5.18,XBB.1.5*
May,XBB.1.5.11,1,XBB.1.5.11,XBB.1.5*
May,XBB.1.5.90,1,XBB.1.5.90,XBB.1.5*
May,HH.1.1,1,XBB.2.3.2.1.1,Others
May,EL.1,1,XBB.1.5.14.1,XBB.1.5*
May,FL.1.5,1,XBB.1.9.1.1.5,XBB.1.9.1*
May,FY.4.1.2,1,XBB.1.22.1.4.1.2,XBB.1.22.1*
May,GW.5.2,1,XBB.1.19.1.5.2,Others
May,HK.27,1,XBB.1.9.2.5.1.1.27,EG.5.1*
May,FL.15.2,1,XBB.1.9.1.15.2,XBB.1.9.1*
May,FD.2,1,XBB.1.5.15.2,XBB.1.5*
May,BA.5.2.50,1,B.1.1.529.5.2.50,Others
May,DZ.1,1,B.1.1.529.5.2.49.1,Others
May,XBB.1.5.69,1,XBB.1.5.69,XBB.1.5*
May,FV.1,1,B.1.1.529.2.3.20.8.1.1.1,Others
May,XBB.1.5.101,1,XBB.1.5.101,XBB.1.5*
June,EG.5.1.1,645,XBB.1.9.2.5.1.1,EG.5.1*
June,FU.1,576,XBB.1.16.1.1,XBB.1.16*
June,FY.3.1,224,XBB.1.22.1.3,XBB.1.22.1*
June,XBB.1.16,178,XBB.1.16,XBB.1.16*
June,FL.4,159,XBB.1.9.1.4,XBB.1.9.1*
June,GF.1,124,XBB.1.5.24.1,XBB.1.5*
June,FL.2.3,106,XBB.1.9.1.2.3,XBB.1.9.1*
June,XBB.1.42.2,82,XBB.1.42.2,Others
June,FY.3.3,75,XBB.1.22.1.3,XBB.1.22.1*
June,FY.3.2,74,XBB.1.22.1.3,XBB.1.22.1*
June,XBB.1.16.1,68,XBB.1.16.1,XBB.1.16*
June,XBB.1.9.1,65,XBB.1.9.1,XBB.1.9.1*
June,FL.16,65,XBB.1.9.1.16,XBB.1.9.1*
June,FE.1.1,65,XBB.1.18.1.1.1,Others
June,XBB.1.5,61,XBB.1.5,XBB.1.5*
June,FL.2,51,XBB.1.9.1.2,XBB.1.9.1*
June,FL.2.4,50,XBB.1.9.1.2.4,XBB.1.9.1*
June,GY.1,42,XBB.1.16.2.1,XBB.1.16*
June,FR.1.1,41,B.1.1.529.2.75.5.1.2.3.1.1,BA.2.75*
June,FY.3,36,XBB.1.22.1.3,XBB.1.22.1*
June,EG.2,34,XBB.1.9.2.12,Others
June,XBB.1.22.1,26,XBB.1.22.1,XBB.1.22.1*
June,EG.5.1,24,XBB.1.9.2.5.1,EG.5.1*
June,XBB.1.9.2,21,XBB.1.9.2,Others
June,FL.15,20,XBB.1.9.1.15,XBB.1.9.1*
June,FL.4.10,19,XBB.1.9.1.4.10,XBB.1.9.1*
June,XBB.1.16.18,19,XBB.1.16.18,XBB.1.16*
June,FL.21.2,18,XBB.1.9.1.21.2,XBB.1.9.1*
June,FL.4.11,18,XBB.1.9.1.4.11,XBB.1.9.1*
June,FR.1.3,17,B.1.1.529.2.75.5.1.2.3.1.3,BA.2.75*
June,EG.1,17,XBB.1.9.2.11,Others
June,HK.1,17,XBB.1.9.2.5.1.1.1,EG.5.1*
June,FL.4.6,17,XBB.1.9.1.4.6,XBB.1.9.1*
June,FR.1,15,B.1.1.529.2.75.5.1.2.3.1,BA.2.75*
June,FL.24,14,XBB.1.9.1.24,XBB.1.9.1*
June,FR.1.4,13,B.1.1.529.2.75.5.1.2.3.1.4,BA.2.75*
June,XBB.1.16.2,13,XBB.1.16.2,XBB.1.16*
June,FE.1.1.3,13,XBB.1.18.1.1.1.3,Others
June,GJ.3,12,XBB.2.3.3.3,Others
June,FL.13.2,12,XBB.1.9.1.13.2,XBB.1.9.1*
June,HL.2,10,XBB.1.42.2.2,Others
June,FL.13.1,10,XBB.1.9.1.13.1,XBB.1.9.1*
June,XBB.1.16.22,10,XBB.1.16.22,XBB.1.16*
June,FL.4.2,9,XBB.1.9.1.4.2,XBB.1.9.1*
June,XBB.1.44.1,9,XBB.1.44.1,Others
June,HK.28,9,XBB.1.9.2.5.1.1.28,EG.5.1*
June,FL.37,9,XBB.1.9.1.37,XBB.1.9.1*
June,GJ.1.2,9,XBB.2.3.3.1.2,Others
June,XBB.1.5.59,9,XBB.1.5.59,XBB.1.5*
June,XBB.1.5.15,9,XBB.1.5.15,XBB.1.5*
June,FL.12,8,XBB.1.9.1.12,XBB.1.9.1*
June,GY.5,8,XBB.1.16.2.5,XBB.1.16*
June,FL.5,8,XBB.1.9.1.5,XBB.1.9.1*
June,FU.2.1,8,XBB.1.16.1.2.1,XBB.1.16*
June,EU.1.1,7,XBB.1.5.26.1.1,XBB.1.5*
June,XBB.1.16.25,7,XBB.1.16.25,XBB.1.16*
June,HK.30,7,XBB.1.9.2.5.1.1.30,EG.5.1*
June,GR.1,7,XBB.1.5.42.1,XBB.1.5*
June,HH.1,7,XBB.2.3.2.1,Others
June,EG.4.2,6,XBB.1.9.2.14.2,Others
June,GW.1,6,XBB.1.19.1.1,Others
June,XBB.1.24.3,6,XBB.1.24.3,Others
June,EG.5.2.2,5,XBB.1.9.2.15.2.2,Others
June,GJ.1.1,5,XBB.2.3.3.1.1,Others
June,FP.4,5,XBB.1.11.1.4,Others
June,HK.4,5,XBB.1.9.2.5.1.1.4,EG.5.1*
June,HK.27,5,XBB.1.9.2.5.1.1.27,EG.5.1*
June,HK.3,5,XBB.1.9.2.5.1.1.3,EG.5.1*
June,XBB.1.17.1,5,XBB.1.17.1,Others
June,XBB.1.5.24,5,XBB.1.5.24,XBB.1.5*
June,BN.1.2.7,5,B.1.1.529.2.75.5.1.2.7,BA.2.75*
June,XBB.1.5.17,5,XBB.1.5.17,XBB.1.5*
June,GY.6,4,XBB.1.16.2.6,XBB.1.16*
June,FL.1.5.1,4,XBB.1.9.1.1.5.1,XBB.1.9.1*
June,XBB.1.22,4,XBB.1.22,Others
June,FL.4.5,4,XBB.1.9.1.4.5,XBB.1.9.1*
June,XBB.2.3.8,4,XBB.2.3.8,Others
June,HK.2,4,XBB.1.9.2.5.1.1.2,EG.5.1*
June,HK.5,4,XBB.1.9.2.5.1.1.5,EG.5.1*
June,FL.35,4,XBB.1.9.1.35,XBB.1.9.1*
June,XBB.1.16.19,4,XBB.1.16.19,XBB.1.16*
June,FL.18,4,XBB.1.9.1.18,XBB.1.9.1*
June,GE.1.4,4,XBB.2.3.10.1.4,Others
June,XBB.2.3.5,4,XBB.2.3.5,Others
June,EG.4.4,3,XBB.1.9.2.14.4,Others
June,HF.1,3,XBB.1.16.13.1,XBB.1.16*
June,FL.1,3,XBB.1.9.1.1,XBB.1.9.1*
June,BN.1.2,3,B.1.1.529.2.75.5.1.2,BA.2.75*
June,XBB.1.16.12,3,XBB.1.16.12,XBB.1.16*
June,FL.18.1,3,XBB.1.9.1.18.1,XBB.1.9.1*
June,XBB.1.16.10,3,XBB.1.16.10,XBB.1.16*
June,BN.1.3.13,3,B.1.1.529.2.75.5.1.3.13,BA.2.75*
June,HH.7,3,XBB.2.3.2.7,Others
June,XBB.2.3.11,3,XBB.2.3.11,Others
June,XBB.1.5.4,3,XBB.1.5.4,XBB.1.5*
June,HK.23,3,XBB.1.9.2.5.1.1.23,EG.5.1*
June,GY.3,3,XBB.1.16.2.3,XBB.1.16*
June,XBB.2.3.6,3,XBB.2.3.6,Others
June,FV.1,3,B.1.1.529.2.3.20.8.1.1.1,Others
June,GW.1.1,2,XBB.1.19.1.1.1,Others
June,XBB.2.3,2,XBB.2.3,Others
June,DV.6.2,2,B.1.1.529.2.75.3.4.1.1.1.1.1.6.2,BA.2.75*
June,XBB.1.16.11,2,XBB.1.16.11,XBB.1.16*
June,GS.1,2,XBB.2.3.11.1,Others
June,XBB.1.5.63,2,XBB.1.5.63,XBB.1.5*
June,EG.13,2,XBB.1.9.2.113,Others
June,FD.3,2,XBB.1.5.15.3,XBB.1.5*
June,DV.6.1,2,B.1.1.529.2.75.3.4.1.1.1.1.1.6.1,BA.2.75*
June,GD.1,2,XBB.1.9.3.1,Others
June,FL.2.3.1,2,XBB.1.9.1.2.3.1,XBB.1.9.1*
June,FL.3.1,2,XBB.1.9.1.3.1,XBB.1.9.1*
June,XBB.1.5.94,2,XBB.1.5.94,XBB.1.5*
June,GY.2.1,2,XBB.1.16.2.2.1,XBB.1.16*
June,FL.10,2,XBB.1.9.1.10,XBB.1.9.1*
June,FL.23.1,2,XBB.1.9.1.23.1,XBB.1.9.1*
June,XBB.2.3.7,2,XBB.2.3.7,Others
June,HH.1.1,2,XBB.2.3.2.1.1,Others
June,BN.1.3.5,2,B.1.1.529.2.75.5.1.3.5,BA.2.75*
June,XBB.1.16.20,2,XBB.1.16.20,XBB.1.16*
June,FY.2,1,XBB.1.22.1.2,XBB.1.22.1*
June,FY.2.1,1,XBB.1.22.1.2.1,XBB.1.22.1*
June,EG.5.1.2,1,XBB.1.9.2.5.1.2,EG.5.1*
June,XBB.1.42,1,XBB.1.42,Others
June,EG.14,1,XBB.1.9.2.114,Others
June,XBB.2.3.2,1,XBB.2.3.2,Others
June,HK.8.1,1,XBB.1.9.2.5.1.1.8.1,EG.5.1*
June,XBB.1.5.23,1,XBB.1.5.23,XBB.1.5*
June,XBB.1.5.66,1,XBB.1.5.66,XBB.1.5*
June,HK.19,1,XBB.1.9.2.5.1.1.19,EG.5.1*
June,FK.1.3.2,1,B.1.1.529.2.75.3.4.1.1.1.1.17.1.3.2,BA.2.75*
June,FL.13,1,XBB.1.9.1.13,XBB.1.9.1*
June,EG.5.1.4,1,XBB.1.9.2.5.1.4,EG.5.1*
June,CJ.1.3.1,1,B.1.1.529.2.75.3.1.1.1.1.3.1,BA.2.75*
June,XCE,1,XCE,Others
June,HK.17,1,XBB.1.9.2.5.1.1.17,EG.5.1*
June,BA.5.2,1,B.1.1.529.5.2,Others
June,XBB.1.5.57,1,XBB.1.5.57,XBB.1.5*
June,XBB.1.5.35,1,XBB.1.5.35,XBB.1.5*
June,EG.4.3,1,XBB.1.9.2.14.3,Others
June,GJ.5,1,XBB.2.3.3.5,Others
June,FL.19,1,XBB.1.9.1.19,XBB.1.9.1*
June,HH.3,1,XBB.2.3.2.3,Others
June,FY.5.3,1,XBB.1.22.1.5.3,XBB.1.22.1*
June,FL.1.4,1,XBB.1.9.1.1.4,XBB.1.9.1*
June,FY.1.2,1,XBB.1.22.1.1.2,XBB.1.22.1*
June,XBB.1.33,1,XBB.1.33,Others
June,XBB.1.5.85,1,XBB.1.5.85,XBB.1.5*
June,XBL.3.1,1,XBL.3.1,Others
June,FB.1,1,B.1.1.529.5.3.1.1.1.1.1.2.1.1,Others
June,FL.1.3,1,XBB.1.9.1.1.3,XBB.1.9.1*
June,XBB.1.5.28,1,XBB.1.5.28,XBB.1.5*
June,EG.6.1,1,XBB.1.9.2.16.1,Others
June,XBC.1.6,1,XBC.1.6,Others
June,XBB.1.5.5,1,XBB.1.5.5,XBB.1.5*
June,XBB.2.3.19,1,XBB.2.3.7,Others
June,FL.20,1,XBB.1.9.1.20,XBB.1.9.1*
June,FL.10.1,1,XBB.1.9.1.10.1,XBB.1.9.1*
June,FL.22,1,XBB.1.9.1.22,XBB.1.9.1*
June,XBB.1.19.1,1,XBB.1.19.1,Others
June,XBB.1.16.3,1,XBB.1.16.3,XBB.1.16*
June,XBB.1.5.1,1,XBB.1.5.1,XBB.1.5*
June,FY.9,1,XBB.1.22.1.9,XBB.1.22.1*
June,GB.2,1,XBB.1.5.46.2,XBB.1.5*
June,FL.3,1,XBB.1.9.1.3,XBB.1.9.1*
June,XBB.1.5.20,1,XBB.1.5.20,XBB.1.5*
June,XBL,1,XBL,Others
June,EP.1.1.1,1,B.1.1.529.2.75.3.1.1.4.1.1.1,BA.2.75*
June,BN.1.1.1,1,B.1.1.529.2.75.5.1.1.1,BA.2.75*
June,XBB.1.16.5,1,XBB.1.16.5,XBB.1.16*
June,EN.1,1,B.1.1.529.5.3.1.1.1.1.1.1.46.1,Others
June,GV.1,1,XBB.1.5.48.1,XBB.1.5*
June,CH.1.1,1,B.1.1.529.2.75.3.4.1.1.1.1,BA.2.75*
June,FL.26,1,XBB.1.9.1.26,XBB.1.9.1*
June,EG.2.5,1,XBB.1.9.2.12.5,Others
June,FL.4.8,1,XBB.1.9.1.4.8,XBB.1.9.1*
June,XBB.1.5.96,1,XBB.1.5.96,XBB.1.5*
June,GB.1,1,XBB.1.5.46.1,XBB.1.5*
June,XBL.2,1,XBL.2,Others
June,EG.4,1,XBB.1.9.2.14,Others
June,BF.7.14.1,1,B.1.1.529.5.2.1.7.14.1,BF.7.14*
June,HK.11,1,XBB.1.9.2.5.1.1.11,EG.5.1*
June,XBB.1.43.1,1,XBB.1.43.1,Others
June,BF.7.14,1,B.1.1.529.5.2.1.7.14,BF.7.14*
June,DY.2,1,B.1.1.529.5.2.48.2,BA.5.2.48*
June,DY.4,1,B.1.1.529.5.2.48.4,BA.5.2.48*
June,GJ.1,1,XBB.2.3.3.1,Others
June,GY.7,1,XBB.1.16.2.7,XBB.1.16*
June,GE.1.1,1,XBB.2.3.10.1.1,Others
June,EG.5.1.15,1,XBB.1.9.2.5.1.15,EG.5.1*
June,XBB.2.3.20,1,XBB.2.3.7,Others
July,EG.5.1.1,787,XBB.1.9.2.5.1.1,EG.5.1*
July,FU.1,210,XBB.1.16.1.1,XBB.1.16*
July,FY.3.1,173,XBB.1.22.1.3,XBB.1.22.1*
July,XBB.1.16,71,XBB.1.16,XBB.1.16*
July,FY.3.2,65,XBB.1.22.1.3,XBB.1.22.1*
July,EG.5.1,53,XBB.1.9.2.5.1,EG.5.1*
July,XBB.1.16.1,51,XBB.1.16.1,XBB.1.16*
July,FL.4,50,XBB.1.9.1.4,XBB.1.9.1*
July,XBB.1.42.2,49,XBB.1.42.2,Others
July,HK.1,44,XBB.1.9.2.5.1.1.1,EG.5.1*
July,FY.3.3,43,XBB.1.22.1.3,XBB.1.22.1*
July,GF.1,39,XBB.1.5.24.1,XBB.1.5*
July,HK.3,32,XBB.1.9.2.5.1.1.3,EG.5.1*
July,FL.2.3,32,XBB.1.9.1.2.3,XBB.1.9.1*
July,GY.1,31,XBB.1.16.2.1,XBB.1.16*
July,FE.1.1,30,XBB.1.18.1.1.1,Others
July,FL.16,27,XBB.1.9.1.16,XBB.1.9.1*
July,FY.3,24,XBB.1.22.1.3,XBB.1.22.1*
July,HK.2,24,XBB.1.9.2.5.1.1.2,EG.5.1*
July,HK.14,24,XBB.1.9.2.5.1.1.14,EG.5.1*
July,FR.1.1,19,B.1.1.529.2.75.5.1.2.3.1.1,BA.2.75*
July,FL.2,18,XBB.1.9.1.2,XBB.1.9.1*
July,XBB.1.9.1,14,XBB.1.9.1,XBB.1.9.1*
July,FU.2.1,14,XBB.1.16.1.2.1,XBB.1.16*
July,XBB.1.5,13,XBB.1.5,XBB.1.5*
July,GJ.1.2,13,XBB.2.3.3.1.2,Others
July,HH.1,12,XBB.2.3.2.1,Others
July,FL.15,11,XBB.1.9.1.15,XBB.1.9.1*
July,HK.28,11,XBB.1.9.2.5.1.1.28,EG.5.1*
July,HK.30,11,XBB.1.9.2.5.1.1.30,EG.5.1*
July,HK.27,10,XBB.1.9.2.5.1.1.27,EG.5.1*
July,XBB.1.22.1,10,XBB.1.22.1,XBB.1.22.1*
July,EG.5,10,XBB.1.9.2.15,Others
July,HK.8.1,9,XBB.1.9.2.5.1.1.8.1,EG.5.1*
July,FL.24,9,XBB.1.9.1.24,XBB.1.9.1*
July,EG.1,9,XBB.1.9.2.11,Others
July,FL.2.4,9,XBB.1.9.1.2.4,XBB.1.9.1*
July,XBB.1.9.2,8,XBB.1.9.2,Others
July,GJ.3,8,XBB.2.3.3.3,Others
July,DV.6.2,8,B.1.1.529.2.75.3.4.1.1.1.1.1.6.2,BA.2.75*
July,XBB.1.16.18,8,XBB.1.16.18,XBB.1.16*
July,HK.32,7,XBB.1.9.2.5.1.1.32,EG.5.1*
July,XBB.2.3.8,7,XBB.2.3.8,Others
July,FE.1.1.3,7,XBB.1.18.1.1.1.3,Others
July,XBB.2.3,6,XBB.2.3,Others
July,HK.17,6,XBB.1.9.2.5.1.1.17,EG.5.1*
July,FL.13.2,6,XBB.1.9.1.13.2,XBB.1.9.1*
July,FL.15.2,6,XBB.1.9.1.15.2,XBB.1.9.1*
July,HK.19,6,XBB.1.9.2.5.1.1.19,EG.5.1*
July,FL.4.6,6,XBB.1.9.1.4.6,XBB.1.9.1*
July,XBB.1.16.22,6,XBB.1.16.22,XBB.1.16*
July,HK.4,5,XBB.1.9.2.5.1.1.4,EG.5.1*
July,FY.2,5,XBB.1.22.1.2,XBB.1.22.1*
July,FL.21.2,5,XBB.1.9.1.21.2,XBB.1.9.1*
July,HK.7,5,XBB.1.9.2.5.1.1.7,EG.5.1*
July,FR.1.4,5,B.1.1.529.2.75.5.1.2.3.1.4,BA.2.75*
July,FL.4.10,5,XBB.1.9.1.4.10,XBB.1.9.1*
July,FL.1.5.1,5,XBB.1.9.1.1.5.1,XBB.1.9.1*
July,XBB.1.16.11,5,XBB.1.16.11,XBB.1.16*
July,EG.5.1.4,5,XBB.1.9.2.5.1.4,EG.5.1*
July,GR.1,4,XBB.1.5.42.1,XBB.1.5*
July,HK.8,4,XBB.1.9.2.5.1.1.8,EG.5.1*
July,GY.5,4,XBB.1.16.2.5,XBB.1.16*
July,FR.1.3,4,B.1.1.529.2.75.5.1.2.3.1.3,BA.2.75*
July,EG.5.2.2,4,XBB.1.9.2.15.2.2,Others
July,XBB.1.16.7,4,XBB.1.16.7,XBB.1.16*
July,XBB.2.3.2,4,XBB.2.3.2,Others
July,FL.2.3.1,3,XBB.1.9.1.2.3.1,XBB.1.9.1*
July,FL.18,3,XBB.1.9.1.18,XBB.1.9.1*
July,EG.4.4,3,XBB.1.9.2.14.4,Others
July,HK.1.2,3,XBB.1.9.2.5.1.1.1.2,EG.5.1*
July,XBB.1.44.1,3,XBB.1.44.1,Others
July,FL.4.11,3,XBB.1.9.1.4.11,XBB.1.9.1*
July,GY.2.1,3,XBB.1.16.2.2.1,XBB.1.16*
July,HK.13.1,3,XBB.1.9.2.5.1.1.13.1,EG.5.1*
July,HK.5,3,XBB.1.9.2.5.1.1.5,EG.5.1*
July,XBB.1.5.23,3,XBB.1.5.23,XBB.1.5*
July,XBB.1.5.59,3,XBB.1.5.59,XBB.1.5*
July,XBB.1.5.10,3,XBB.1.5.10,XBB.1.5*
July,HF.1,3,XBB.1.16.13.1,XBB.1.16*
July,HK.23,2,XBB.1.9.2.5.1.1.23,EG.5.1*
July,GW.1,2,XBB.1.19.1.1,Others
July,EG.5.1.17,2,XBB.1.9.2.5.1.17,EG.5.1*
July,FP.4,2,XBB.1.11.1.4,Others
July,HK.13,2,XBB.1.9.2.5.1.1.13,EG.5.1*
July,FL.12,2,XBB.1.9.1.12,XBB.1.9.1*
July,GE.1.4,2,XBB.2.3.10.1.4,Others
July,FL.35,2,XBB.1.9.1.35,XBB.1.9.1*
July,FL.4.2,2,XBB.1.9.1.4.2,XBB.1.9.1*
July,EG.1.6,2,XBB.1.9.2.11.6,Others
July,EG.5.1.16,2,XBB.1.9.2.5.1.16,EG.5.1*
July,XBB.1.16.6,2,XBB.1.16.6,XBB.1.16*
July,FY.4.2,2,XBB.1.22.1.4.2,XBB.1.22.1*
July,FY.1.1,2,XBB.1.22.1.1.1,XBB.1.22.1*
July,EG.2,2,XBB.1.9.2.12,Others
July,FL.4.5,2,XBB.1.9.1.4.5,XBB.1.9.1*
July,EG.4,2,XBB.1.9.2.14,Others
July,EG.5.1.8,2,XBB.1.9.2.5.1.8,EG.5.1*
July,GJ.1.1,2,XBB.2.3.3.1.1,Others
July,EG.5.1.2,2,XBB.1.9.2.5.1.2,EG.5.1*
July,FL.10.1,2,XBB.1.9.1.10.1,XBB.1.9.1*
July,CM.8.1.2,2,B.1.1.529.2.3.20.8.1.2,Others
July,EG.5.1.18,2,XBB.1.9.2.5.1.18,EG.5.1*
July,DV.6.1,1,B.1.1.529.2.75.3.4.1.1.1.1.1.6.1,BA.2.75*
July,EG.5.1.3,1,XBB.1.9.2.5.1.3,EG.5.1*
July,XBB.2.3.19,1,XBB.2.3.7,Others
July,EG.5.1.15,1,XBB.1.9.2.5.1.15,EG.5.1*
July,XBB.1.24.3,1,XBB.1.24.3,Others
July,EG.14,1,XBB.1.9.2.114,Others
July,GE.1,1,XBB.2.3.10.1,Others
July,BA.5.2.50,1,B.1.1.529.5.2.50,Others
July,XBB.1.5.15,1,XBB.1.5.15,XBB.1.5*
July,HK.27.1,1,XBB.1.9.2.5.1.1.27.1,EG.5.1*
July,GE.1.1,1,XBB.2.3.10.1.1,Others
July,FD.2,1,XBB.1.5.15.2,XBB.1.5*
July,FL.13.1,1,XBB.1.9.1.13.1,XBB.1.9.1*
July,FL.5,1,XBB.1.9.1.5,XBB.1.9.1*
July,EU.1.1,1,XBB.1.5.26.1.1,XBB.1.5*
July,HK.3.1,1,XBB.1.9.2.5.1.1.3.1,EG.5.1*
July,XBB.1.42,1,XBB.1.42,Others
July,FL.37,1,XBB.1.9.1.37,XBB.1.9.1*
July,HK.24,1,XBB.1.9.2.5.1.1.24,EG.5.1*
July,HH.7,1,XBB.2.3.2.7,Others
July,EG.2.2,1,XBB.1.9.2.12.2,Others
July,FL.13.2.1,1,XBB.1.9.1.13.2.1,XBB.1.9.1*
July,HG.1.1,1,XBB.2.3.8.1.1,Others
July,XBB.1.5.4,1,XBB.1.5.4,XBB.1.5*
July,CH.1.1.1,1,B.1.1.529.2.75.3.4.1.1.1.1.1,BA.2.75*
July,FY.2.1,1,XBB.1.22.1.2.1,XBB.1.22.1*
July,XBB.1.16.3,1,XBB.1.16.3,XBB.1.16*
July,HH.2,1,XBB.2.3.2.2,Others
July,FU.2,1,XBB.1.16.1.2,XBB.1.16*
July,JA.1,1,XBB.2.3.13.1,Others
July,FL.34,1,XBB.1.9.1.34,XBB.1.9.1*
July,XBB.1.24,1,XBB.1.24,Others
July,XBB.1.16.20,1,XBB.1.16.20,XBB.1.16*
July,FL.13,1,XBB.1.9.1.13,XBB.1.9.1*
July,XBB.1.5.37,1,XBB.1.5.37,XBB.1.5*
July,EP.1.1.1,1,B.1.1.529.2.75.3.1.1.4.1.1.1,BA.2.75*
July,FB.1,1,B.1.1.529.5.3.1.1.1.1.1.2.1.1,Others
July,XBL.2,1,XBL.2,Others
July,XBB.2.3.20,1,XBB.2.3.7,Others
July,GY.6,1,XBB.1.16.2.6,XBB.1.16*
July,FY.5,1,XBB.1.22.1.5,XBB.1.22.1*
July,GJ.1.2.3,1,XBB.2.3.3.1.2.3,Others
July,XBB.1.5.100,1,XBB.1.5.100,XBB.1.5*
July,EG.4.2,1,XBB.1.9.2.14.2,Others
July,XBB.1.17.1,1,XBB.1.17.1,Others
July,XDB,1,XDB,Others
July,GA.1,1,XBB.1.17.1.1,Others
July,GW.1.1,1,XBB.1.19.1.1.1,Others
July,EG.5.1.12,1,XBB.1.9.2.5.1.12,EG.5.1*
July,GK.2.1,1,XBB.1.5.70.2.1,XBB.1.5*
July,EG.5.1.13,1,XBB.1.9.2.5.1.13,EG.5.1*
July,XBB.1.18.1,1,XBB.1.18.1,Others
July,EG.11,1,XBB.1.9.2.111,Others
July,XBB.1.5.72,1,XBB.1.5.72,XBB.1.5*
July,FR.1.5,1,B.1.1.529.2.75.5.1.2.3.1.5,BA.2.75*
July,FU.3,1,XBB.1.16.1.3,XBB.1.16*
July,XBB.1.5.88,1,XBB.1.5.88,XBB.1.5*
July,HG.1,1,XBB.2.3.8.1,Others
July,GK.1.1,1,XBB.1.5.70.1.1,XBB.1.5*
July,EG.5.2.3,1,XBB.1.9.2.15.2.3,Others
July,BN.1.2.7,1,B.1.1.529.2.75.5.1.2.7,BA.2.75*
July,XBB.1.16.15,1,XBB.1.16.15,XBB.1.16*
July,XBB.1.16.10,1,XBB.1.16.10,XBB.1.16*
July,XCE,1,XCE,Others
July,XBB.1.16.9,1,XBB.1.16.9,XBB.1.16*
July,FL.15.4,1,XBB.1.9.1.15.4,XBB.1.9.1*
July,BN.1.3.13,1,B.1.1.529.2.75.5.1.3.13,BA.2.75*
July,EG.4.3,1,XBB.1.9.2.14.3,Others
July,FL.19,1,XBB.1.9.1.19,XBB.1.9.1*
July,FL.7,1,XBB.1.9.1.7,XBB.1.9.1*
July,HK.2.1,1,XBB.1.9.2.5.1.1.2.1,EG.5.1*
July,FL.10,1,XBB.1.9.1.10,XBB.1.9.1*
July,EG.5.1.5,1,XBB.1.9.2.5.1.5,EG.5.1*
July,EG.5.1.6,1,XBB.1.9.2.5.1.6,EG.5.1*
July,FL.18.1,1,XBB.1.9.1.18.1,XBB.1.9.1*
July,XBB.2.3.12,1,XBB.2.3.12,Others
July,XBB.1.41.1,1,XBB.1.41.1,Others
July,HK.12,1,XBB.1.9.2.5.1.1.12,EG.5.1*
July,FR.1,1,B.1.1.529.2.75.5.1.2.3.1,BA.2.75*
July,XBB.1.9.7,1,XBB.1.9.7,Others
July,FD.3,1,XBB.1.5.15.3,XBB.1.5*
July,HC.2,1,XBB.1.5.44.2,XBB.1.5*
July,HR.1,1,XBB.1.5.77.1,XBB.1.5*
July,DV.7,1,B.1.1.529.2.75.3.4.1.1.1.1.1.7,BA.2.75*
July,HP.1.1,1,XBB.1.5.55.1.1,XBB.1.5*
July,XBF.7,1,XBF.7,Others
July,FR.1.2,1,B.1.1.529.2.75.5.1.2.3.1.2,BA.2.75*
July,XBB.1.5.24,1,XBB.1.5.24,XBB.1.5*
July,GJ.4,1,XBB.2.3.3.4,Others
August,EG.5.1.1,891,XBB.1.9.2.5.1.1,EG.5.1*
August,HK.3,282,XBB.1.9.2.5.1.1.3,EG.5.1*
August,FY.3.1,154,XBB.1.22.1.3,XBB.1.22.1*
August,EG.5.1,63,XBB.1.9.2.5.1,EG.5.1*
August,HK.14,53,XBB.1.9.2.5.1.1.14,EG.5.1*
August,FY.3.2,48,XBB.1.22.1.3,XBB.1.22.1*
August,FU.1,46,XBB.1.16.1.1,XBB.1.16*
August,FY.3.3,38,XBB.1.22.1.3,XBB.1.22.1*
August,FY.3,36,XBB.1.22.1.3,XBB.1.22.1*
August,HK.2,32,XBB.1.9.2.5.1.1.2,EG.5.1*
August,HK.32,28,XBB.1.9.2.5.1.1.32,EG.5.1*
August,HK.27.1,26,XBB.1.9.2.5.1.1.27.1,EG.5.1*
August,EG.5.1.8,25,XBB.1.9.2.5.1.8,EG.5.1*
August,XBB.1.42.2,24,XBB.1.42.2,Others
August,XBB.1.16,24,XBB.1.16,XBB.1.16*
August,HK.8.1,23,XBB.1.9.2.5.1.1.8.1,EG.5.1*
August,HK.19,22,XBB.1.9.2.5.1.1.19,EG.5.1*
August,EG.5,18,XBB.1.9.2.15,Others
August,FE.1.1,17,XBB.1.18.1.1.1,Others
August,HK.17,17,XBB.1.9.2.5.1.1.17,EG.5.1*
August,FL.15,15,XBB.1.9.1.15,XBB.1.9.1*
August,HK.3.2,15,XBB.1.9.2.5.1.1.3.2,EG.5.1*
August,FL.4,14,XBB.1.9.1.4,XBB.1.9.1*
August,HK.3.1,14,XBB.1.9.2.5.1.1.3.1,EG.5.1*
August,HK.1,13,XBB.1.9.2.5.1.1.1,EG.5.1*
August,GY.1,13,XBB.1.16.2.1,XBB.1.16*
August,HK.28,12,XBB.1.9.2.5.1.1.28,EG.5.1*
August,HK.4,11,XBB.1.9.2.5.1.1.4,EG.5.1*
August,HF.1,11,XBB.1.16.13.1,XBB.1.16*
August,HK.8,10,XBB.1.9.2.5.1.1.8,EG.5.1*
August,XBB.2.3.8,10,XBB.2.3.8,Others
August,FL.2.3,10,XBB.1.9.1.2.3,XBB.1.9.1*
August,FL.15.2,9,XBB.1.9.1.15.2,XBB.1.9.1*
August,XBB.1.16.1,9,XBB.1.16.1,XBB.1.16*
August,HK.3.9,8,XBB.1.9.2.5.1.1.3.9,EG.5.1*
August,XBB.1.22.1,8,XBB.1.22.1,XBB.1.22.1*
August,HK.3.3,8,XBB.1.9.2.5.1.1.3.3,EG.5.1*
August,EG.5.1.4,8,XBB.1.9.2.5.1.4,EG.5.1*
August,FL.2,8,XBB.1.9.1.2,XBB.1.9.1*
August,XBB.1.9.1,8,XBB.1.9.1,XBB.1.9.1*
August,FL.2.3.1,7,XBB.1.9.1.2.3.1,XBB.1.9.1*
August,HK.27,7,XBB.1.9.2.5.1.1.27,EG.5.1*
August,HK.30,6,XBB.1.9.2.5.1.1.30,EG.5.1*
August,GJ.3,6,XBB.2.3.3.3,Others
August,HK.3.6,6,XBB.1.9.2.5.1.1.3.6,EG.5.1*
August,GF.1,6,XBB.1.5.24.1,XBB.1.5*
August,FL.16,5,XBB.1.9.1.16,XBB.1.9.1*
August,EG.5.1.17,5,XBB.1.9.2.5.1.17,EG.5.1*
August,HK.12,5,XBB.1.9.2.5.1.1.12,EG.5.1*
August,FL.13.2,5,XBB.1.9.1.13.2,XBB.1.9.1*
August,HK.13,5,XBB.1.9.2.5.1.1.13,EG.5.1*
August,JJ.1,5,XBB.1.9.2.5.1.4.1,EG.5.1*
August,FL.24,5,XBB.1.9.1.24,XBB.1.9.1*
August,GJ.1.2,5,XBB.2.3.3.1.2,Others
August,EG.5.1.15,5,XBB.1.9.2.5.1.15,EG.5.1*
August,EG.1,4,XBB.1.9.2.11,Others
August,FY.2,4,XBB.1.22.1.2,XBB.1.22.1*
August,HK.20.1,4,XBB.1.9.2.5.1.1.20.1,EG.5.1*
August,HK.23.1,4,XBB.1.9.2.5.1.1.23.1,EG.5.1*
August,XBB.1.22,4,XBB.1.22,Others
August,HK.23,4,XBB.1.9.2.5.1.1.23,EG.5.1*
August,FE.1.1.3,4,XBB.1.18.1.1.1.3,Others
August,EG.5.1.18,4,XBB.1.9.2.5.1.18,EG.5.1*
August,HK.20,4,XBB.1.9.2.5.1.1.20,EG.5.1*
August,HK.7,4,XBB.1.9.2.5.1.1.7,EG.5.1*
August,HK.3.11,4,XBB.1.9.2.5.1.1.3.11,EG.5.1*
August,FL.1.5,4,XBB.1.9.1.1.5,XBB.1.9.1*
August,FL.4.5,4,XBB.1.9.1.4.5,XBB.1.9.1*
August,XCN,3,XCN,Others
August,HK.2.1,3,XBB.1.9.2.5.1.1.2.1,EG.5.1*
August,HK.13.1,3,XBB.1.9.2.5.1.1.13.1,EG.5.1*
August,XBB.1.16.26,3,XBB.1.16.26,XBB.1.16*
August,FR.1.1,3,B.1.1.529.2.75.5.1.2.3.1.1,BA.2.75*
August,XBB.1.5,3,XBB.1.5,XBB.1.5*
August,KB.1,3,XBB.1.9.2.5.1.8.1,EG.5.1*
August,XBB.2.3.2,3,XBB.2.3.2,Others
August,FL.10.1,3,XBB.1.9.1.10.1,XBB.1.9.1*
August,EG.2,3,XBB.1.9.2.12,Others
August,HK.24,3,XBB.1.9.2.5.1.1.24,EG.5.1*
August,EG.5.1.12,3,XBB.1.9.2.5.1.12,EG.5.1*
August,FU.2.1,3,XBB.1.16.1.2.1,XBB.1.16*
August,XBB.1.16.11,3,XBB.1.16.11,XBB.1.16*
August,XBB.1.16.6,3,XBB.1.16.6,XBB.1.16*
August,FL.1.5.1,3,XBB.1.9.1.1.5.1,XBB.1.9.1*
August,EG.5.1.3,3,XBB.1.9.2.5.1.3,EG.5.1*
August,XBB.1.16.2,3,XBB.1.16.2,XBB.1.16*
August,FU.2,3,XBB.1.16.1.2,XBB.1.16*
August,HH.1,3,XBB.2.3.2.1,Others
August,XBB.1.9.2,3,XBB.1.9.2,Others
August,EG.1.6,3,XBB.1.9.2.11.6,Others
August,HK.13.2,2,XBB.1.9.2.5.1.1.13.2,EG.5.1*
August,GK.1.1,2,XBB.1.5.70.1.1,XBB.1.5*
August,FY.5.3,2,XBB.1.22.1.5.3,XBB.1.22.1*
August,FY.9,2,XBB.1.22.1.9,XBB.1.22.1*
August,GY.1.1,2,XBB.1.16.2.1.1,XBB.1.16*
August,HK.1.2,2,XBB.1.9.2.5.1.1.1.2,EG.5.1*
August,HK.27.1.1,2,XBB.1.9.2.5.1.1.27.1.1,EG.5.1*
August,FL.21.1,2,XBB.1.9.1.21.1,XBB.1.9.1*
August,FL.21.2,2,XBB.1.9.1.21.2,XBB.1.9.1*
August,XBB.1.16.3,2,XBB.1.16.3,XBB.1.16*
August,EG.2.2,2,XBB.1.9.2.12.2,Others
August,EG.5.1.6,2,XBB.1.9.2.5.1.6,EG.5.1*
August,FL.4.2,2,XBB.1.9.1.4.2,XBB.1.9.1*
August,GS.4.1,2,XBB.2.3.11.4.1,Others
August,XBB.1.16.8,2,XBB.1.16.8,XBB.1.16*
August,XBB.1.16.15,2,XBB.1.16.15,XBB.1.16*
August,EG.1.8,2,XBB.1.9.2.11.8,Others
August,XBB.1.16.12,2,XBB.1.16.12,XBB.1.16*
August,GE.1,2,XBB.2.3.10.1,Others
August,FL.13.4,2,XBB.1.9.1.13.4,XBB.1.9.1*
August,XBB.2.3.5,2,XBB.2.3.5,Others
August,FR.1,2,B.1.1.529.2.75.5.1.2.3.1,BA.2.75*
August,XBB.2.3,2,XBB.2.3,Others
August,FY.1.1,2,XBB.1.22.1.1.1,XBB.1.22.1*
August,HL.2,2,XBB.1.42.2.2,Others
August,XBB.1.16.22,2,XBB.1.16.22,XBB.1.16*
August,XBB.1.16.9,2,XBB.1.16.9,XBB.1.16*
August,DV.7.1.5,1,B.1.1.529.2.75.3.4.1.1.1.1.1.7.1.5,BA.2.75*
August,HK.24.1,1,XBB.1.9.2.5.1.1.24.1,EG.5.1*
August,FR.1.2,1,B.1.1.529.2.75.5.1.2.3.1.2,BA.2.75*
August,EG.4.2,1,XBB.1.9.2.14.2,Others
August,GM.2,1,XBB.2.3.6.2,Others
August,XBB.1.5.15,1,XBB.1.5.15,XBB.1.5*
August,XBL.3.1,1,XBL.3.1,Others
August,HK.18,1,XBB.1.9.2.5.1.1.18,EG.5.1*
August,FR.1.3,1,B.1.1.529.2.75.5.1.2.3.1.3,BA.2.75*
August,KB.2,1,XBB.1.9.2.5.1.8.2,EG.5.1*
August,CK.1.1.2,1,B.1.1.529.5.2.24.1.1.2,Others
August,EG.10.1.1,1,XBB.1.9.2.110.1.1,Others
August,XBB.1.41.1,1,XBB.1.41.1,Others
August,DV.7.1.2,1,B.1.1.529.2.75.3.4.1.1.1.1.1.7.1.2,BA.2.75*
August,GN.1,1,XBB.1.5.73.1,XBB.1.5*
August,FL.15.4,1,XBB.1.9.1.15.4,XBB.1.9.1*
August,EP.1.1.1,1,B.1.1.529.2.75.3.1.1.4.1.1.1,BA.2.75*
August,FL.5,1,XBB.1.9.1.5,XBB.1.9.1*
August,XBB.1.5.10,1,XBB.1.5.10,XBB.1.5*
August,JL.1,1,B.1.1.529.2.75.3.4.1.1.1.1.17.1.3.2.1,BA.2.75*
August,FL.4.8,1,XBB.1.9.1.4.8,XBB.1.9.1*
August,HH.3,1,XBB.2.3.2.3,Others
August,HK.33,1,XBB.1.9.2.5.1.1.33,EG.5.1*
August,HH.2.1,1,XBB.2.3.2.2.1,Others
August,FY.4.2,1,XBB.1.22.1.4.2,XBB.1.22.1*
August,XCF,1,XCF,Others
August,FL.33.1,1,XBB.1.9.1.33.1,XBB.1.9.1*
August,JS.1,1,XBB.2.3.15.1,Others
August,GE.1.3,1,XBB.2.3.10.1.3,Others
August,GJ.5.1,1,XBB.2.3.3.5.1,Others
August,HK.3.10,1,XBB.1.9.2.5.1.1.3.10,EG.5.1*
August,FL.4.3,1,XBB.1.9.1.4.3,XBB.1.9.1*
August,XBB.2.3.6,1,XBB.2.3.6,Others
August,XBC.1.6.1,1,XBC.1.6.1,Others
August,XBB.2.3.20,1,XBB.2.3.7,Others
August,JD.1.1.1,1,XBB.1.5.102.1.1.1,XBB.1.5*
August,GJ.1.1,1,XBB.2.3.3.1.1,Others
August,HK.3.4,1,XBB.1.9.2.5.1.1.3.4,EG.5.1*
August,FU.5,1,XBB.1.16.1.5,XBB.1.16*
August,XBB.1.41.3,1,XBB.1.41.3,Others
August,HW.1.1,1,XBC.1.6.3.1.1,Others
August,GJ.5,1,XBB.2.3.3.5,Others
August,GE.1.4,1,XBB.2.3.10.1.4,Others
August,HK.11.1,1,XBB.1.9.2.5.1.1.11.1,EG.5.1*
August,HK.3.7,1,XBB.1.9.2.5.1.1.3.7,EG.5.1*
August,FL.18.1,1,XBB.1.9.1.18.1,XBB.1.9.1*
August,XBB.1.16.20,1,XBB.1.16.20,XBB.1.16*
August,EG.5.1.2,1,XBB.1.9.2.5.1.2,EG.5.1*
August,GY.6,1,XBB.1.16.2.6,XBB.1.16*
August,HN.2.1,1,XBB.1.9.1.1.5.1.2.1,XBB.1.9.1*
August,GY.8,1,XBB.1.16.2.8,XBB.1.16*
August,FL.18,1,XBB.1.9.1.18,XBB.1.9.1*
August,EU.1.1,1,XBB.1.5.26.1.1,XBB.1.5*
August,HG.3,1,XBB.2.3.8.3,Others
August,XBB.1.42,1,XBB.1.42,Others
August,EG.6.1,1,XBB.1.9.2.16.1,Others
August,FY.8,1,XBB.1.22.1.8,XBB.1.22.1*
August,FL.15.3,1,XBB.1.9.1.15.3,XBB.1.9.1*
August,XBB.1.5.70,1,XBB.1.5.70,XBB.1.5*
August,XBB.1.17.1,1,XBB.1.17.1,Others
August,CJ.1.3.1,1,B.1.1.529.2.75.3.1.1.1.1.3.1,BA.2.75*
August,HV.1,1,XBB.1.9.2.5.1.6.1,EG.5.1*
August,GK.4,1,XBB.1.5.70.4,XBB.1.5*
August,GS.7,1,XBB.2.3.11.7,Others
August,GJ.4,1,XBB.2.3.3.4,Others
August,JM.2,1,XBB.1.16.15.2,XBB.1.16*
August,FL.13.1,1,XBB.1.9.1.13.1,XBB.1.9.1*
August,XBB.2.3.15,1,XBB.2.3.15,Others
August,XBB.1.5.72,1,XBB.1.5.72,XBB.1.5*
August,GY.5,1,XBB.1.16.2.5,XBB.1.16*
August,EG.5.2.2,1,XBB.1.9.2.15.2.2,Others
August,FL.35,1,XBB.1.9.1.35,XBB.1.9.1*
August,FK.1.3.2,1,B.1.1.529.2.75.3.4.1.1.1.1.17.1.3.2,BA.2.75*
August,GW.5.2,1,XBB.1.19.1.5.2,Others
August,XBB.1.19.1,1,XBB.1.19.1,Others
August,FL.7,1,XBB.1.9.1.7,XBB.1.9.1*
August,HK.11,1,XBB.1.9.2.5.1.1.11,EG.5.1*
August,XBB.1.16.23,1,XBB.1.16.23,XBB.1.16*
August,XBB.1.16.10,1,XBB.1.16.10,XBB.1.16*
August,FL.10,1,XBB.1.9.1.10,XBB.1.9.1*
September,HK.3,448,XBB.1.9.2.5.1.1.3,EG.5.1*
September,EG.5.1.1,231,XBB.1.9.2.5.1.1,EG.5.1*
September,EG.5.1.8,66,XBB.1.9.2.5.1.8,EG.5.1*
September,HK.3.2,61,XBB.1.9.2.5.1.1.3.2,EG.5.1*
September,HK.8.1,53,XBB.1.9.2.5.1.1.8.1,EG.5.1*
September,HK.3.1,44,XBB.1.9.2.5.1.1.3.1,EG.5.1*
September,HK.27.1,42,XBB.1.9.2.5.1.1.27.1,EG.5.1*
September,EG.5.1,40,XBB.1.9.2.5.1,EG.5.1*
September,HK.32,38,XBB.1.9.2.5.1.1.32,EG.5.1*
September,FY.3.1,25,XBB.1.22.1.3,XBB.1.22.1*
September,HK.13,22,XBB.1.9.2.5.1.1.13,EG.5.1*
September,HK.3.3,21,XBB.1.9.2.5.1.1.3.3,EG.5.1*
September,HK.2,19,XBB.1.9.2.5.1.1.2,EG.5.1*
September,HK.3.6,18,XBB.1.9.2.5.1.1.3.6,EG.5.1*
September,HK.3.9,16,XBB.1.9.2.5.1.1.3.9,EG.5.1*
September,HK.8,15,XBB.1.9.2.5.1.1.8,EG.5.1*
September,XBB.1.16.26,14,XBB.1.16.26,XBB.1.16*
September,HK.17,14,XBB.1.9.2.5.1.1.17,EG.5.1*
September,HK.3.11,12,XBB.1.9.2.5.1.1.3.11,EG.5.1*
September,HK.14,12,XBB.1.9.2.5.1.1.14,EG.5.1*
September,FY.3,12,XBB.1.22.1.3,XBB.1.22.1*
September,HK.4,11,XBB.1.9.2.5.1.1.4,EG.5.1*
September,HK.3.13,10,XBB.1.9.2.5.1.1.3.13,EG.5.1*
September,EG.5.1.4,10,XBB.1.9.2.5.1.4,EG.5.1*
September,HK.13.1,9,XBB.1.9.2.5.1.1.13.1,EG.5.1*
September,HK.27.1.1,9,XBB.1.9.2.5.1.1.27.1.1,EG.5.1*
September,HF.1,8,XBB.1.16.13.1,XBB.1.16*
September,HK.2.1,8,XBB.1.9.2.5.1.1.2.1,EG.5.1*
September,EG.5,8,XBB.1.9.2.15,Others
September,HK.23.1,7,XBB.1.9.2.5.1.1.23.1,EG.5.1*
September,HK.1.2,6,XBB.1.9.2.5.1.1.1.2,EG.5.1*
September,FY.3.2,6,XBB.1.22.1.3,XBB.1.22.1*
September,XBB.1.16.6,6,XBB.1.16.6,XBB.1.16*
September,XBB.1.42.2,6,XBB.1.42.2,Others
September,GK.1.1,6,XBB.2.3.10.1.1,Others
September,XBB.1.16.11,6,XBB.1.16.11,XBB.1.16*
September,KB.2,5,XBB.1.9.2.5.1.8.2,EG.5.1*
September,HK.19,5,XBB.1.9.2.5.1.1.19,EG.5.1*
September,FL.1.5.1,5,XBB.1.9.1.1.5.1,XBB.1.9.1*
September,HK.1,5,XBB.1.9.2.5.1.1.1,EG.5.1*
September,JJ.1,5,XBB.1.9.2.5.1.4.1,EG.5.1*
September,HK.18,5,XBB.1.9.2.5.1.1.18,EG.5.1*
September,HK.3.7,4,XBB.1.9.2.5.1.1.3.7,EG.5.1*
September,HK.27,4,XBB.1.9.2.5.1.1.27,EG.5.1*
September,HK.3.5,4,XBB.1.9.2.5.1.1.3.5,EG.5.1*
September,FU.1,4,XBB.1.16.1.1,XBB.1.16*
September,GY.1.1,4,XBB.1.16.2.1.1,XBB.1.16*
September,HK.20.1,4,XBB.1.9.2.5.1.1.20.1,EG.5.1*
September,XDC,4,XDC,Others
September,XBB.1.16,4,XBB.1.16,XBB.1.16*
September,FL.15,4,XBB.1.9.1.15,XBB.1.9.1*
September,EG.1,4,XBB.1.9.2.11,Others
September,GZ.1,3,XBB.2.3.4.1,Others
September,FL.2.3,3,XBB.1.9.1.2.3,XBB.1.9.1*
September,FY.8,3,XBB.1.22.1.8,XBB.1.22.1*
September,EG.5.1.17,3,XBB.1.9.2.5.1.17,EG.5.1*
September,FL.15.2,3,XBB.1.9.1.15.2,XBB.1.9.1*
September,HK.12,3,XBB.1.9.2.5.1.1.12,EG.5.1*
September,HK.3.10,3,XBB.1.9.2.5.1.1.3.10,EG.5.1*
September,XBB.1.22.1,3,XBB.1.22.1,XBB.1.22.1*
September,HV.1,3,XBB.1.9.2.5.1.6.1,EG.5.1*
September,GJ.1.2,2,XBB.2.3.3.1.2,Others
September,FL.2.3.1,2,XBB.1.9.1.2.3.1,XBB.1.9.1*
September,FL.13.2,2,XBB.1.9.1.13.2,XBB.1.9.1*
September,HK.3.4,2,XBB.1.9.2.5.1.1.3.4,EG.5.1*
September,HK.28,2,XBB.1.9.2.5.1.1.28,EG.5.1*
September,HK.24.1,2,XBB.1.9.2.5.1.1.24.1,EG.5.1*
September,XBB.1.16.17,2,XBB.1.16.17,XBB.1.16*
September,DV.7.1,2,B.1.1.529.2.75.3.4.1.1.1.1.1.7.1,BA.2.75*
September,GJ.5,2,XBB.2.3.3.5,Others
September,XCN,2,XCN,Others
September,FY.3.3,2,XBB.1.22.1.3,XBB.1.22.1*
September,FL.4,2,XBB.1.9.1.4,XBB.1.9.1*
September,KB.1,1,XBB.1.9.2.5.1.8.1,EG.5.1*
September,GE.1,1,XBB.2.3.10.1.1,Others
September,XBB.1.24.3,1,XBB.1.24.3,Others
September,HH.1,1,XBB.2.3.2.1,Others
September,EG.5.1.2,1,XBB.1.9.2.5.1.2,EG.5.1*
September,FL.18.1,1,XBB.1.9.1.18.1,XBB.1.9.1*
September,DV.6.2,1,B.1.1.529.2.75.3.4.1.1.1.1.1.6.2,BA.2.75*
September,XBB.2.3.8,1,XBB.2.3.8,Others
September,HK.29,1,XBB.1.9.2.5.1.1.29,EG.5.1*
September,EG.6.1.1,1,XBB.1.9.2.16.1.1,Others
September,EG.5.1.18,1,XBB.1.9.2.5.1.18,EG.5.1*
September,GS.7,1,XBB.2.3.11.7,Others
September,GL.1,1,XAY.1.1.1.1,Others
September,XBB.2.3.2,1,XBB.2.3.2,Others
September,XBB.1.16.15,1,XBB.1.16.15,XBB.1.16*
September,GR.1,1,XBB.1.5.42.1,XBB.1.5*
September,EG.5.1.12,1,XBB.1.9.2.5.1.12,EG.5.1*
September,GY.7,1,XBB.1.16.2.7,XBB.1.16*
September,GJ.4,1,XBB.2.3.3.4,Others
September,GS.4.1,1,XBB.2.3.11.4.1,Others
September,XBB.2.3,1,XBB.2.3,Others
September,XBB.2.3.5,1,XBB.2.3.5,Others
September,JN.2,1,B.1.1.529.2.86.1.2,Others
September,FL.4.10,1,XBB.1.9.1.4.10,XBB.1.9.1*
September,HK.11,1,XBB.1.9.2.5.1.1.11,EG.5.1*
September,EG.6.1,1,XBB.1.9.2.16.1,Others
September,XBB.1.16.1,1,XBB.1.16.1,XBB.1.16*
September,JE.1,1,XBB.2.3.3.1.2.1.1,Others
September,XBB.1.16.8,1,XBB.1.16.8,XBB.1.16*
September,HK.30,1,XBB.1.9.2.5.1.1.30,EG.5.1*
September,FY.5.3,1,XBB.1.22.1.5.3,XBB.1.22.1*
September,FL.2,1,XBB.1.9.1.2,XBB.1.9.1*
September,FE.1.2,1,XBB.1.18.1.1.2,Others
September,JF.1,1,XBB.1.16.6.1,XBB.1.16*
September,FL.10.1,1,XBB.1.9.1.10.1,XBB.1.9.1*
September,FL.1.5,1,XBB.1.9.1.1.5,XBB.1.9.1*
September,GK.2.1,1,XBB.1.5.70.2.1,XBB.1.5*
September,GJ.5.1,1,XBB.2.3.3.5.1,Others
September,GW.5,1,XBB.1.19.1.5,Others
September,JM.2,1,XBB.1.16.15.2,XBB.1.16*
September,JD.1.1,1,XBB.1.5.102.1.1,XBB.1.5*
September,EG.6.1.2,1,XBB.1.9.2.16.1.2,Others
September,FR.1.5,1,B.1.1.529.2.75.5.1.2.3.1.5,BA.2.75*
September,BA.2.86.1,1,B.1.1.529.2.86.1,Others
September,GE.1.4,1,XBB.2.3.10.1.4,Others
September,FE.1.1,1,XBB.1.18.1.1.1,Others
September,GY.1,1,XBB.1.16.2.1,XBB.1.16*
September,HK.7,1,XBB.1.9.2.5.1.1.7,EG.5.1*
September,EG.2,1,XBB.1.9.2.12,Others
September,GW.5.2,1,XBB.1.19.1.5.2,Others
September,EG.1.6,1,XBB.1.9.2.11.6,Others
September,FU.2,1,XBB.1.16.1.2,XBB.1.16*
September,FY.2,1,XBB.1.22.1.2,XBB.1.22.1*
September,FL.5,1,XBB.1.9.1.5,XBB.1.9.1*
October,HK.3,333,XBB.1.9.2.5.1.1.3,EG.5.1*
October,HK.3.2,96,XBB.1.9.2.5.1.1.3.2,EG.5.1*
October,EG.5.1.1,72,XBB.1.9.2.5.1.1,EG.5.1*
October,HK.3.1,71,XBB.1.9.2.5.1.1.3.1,EG.5.1*
October,EG.5.1.8,50,XBB.1.9.2.5.1.8,EG.5.1*
October,HK.8.1,50,XBB.1.9.2.5.1.1.8.1,EG.5.1*
October,HK.27.1,35,XBB.1.9.2.5.1.1.27.1,EG.5.1*
October,HK.27.1.1,29,XBB.1.9.2.5.1.1.27.1.1,EG.5.1*
October,HK.3.3,24,XBB.1.9.2.5.1.1.3.3,EG.5.1*
October,HK.13,22,XBB.1.9.2.5.1.1.13,EG.5.1*
October,HK.32,19,XBB.1.9.2.5.1.1.32,EG.5.1*
October,EG.5.1,18,XBB.1.9.2.5.1,EG.5.1*
October,HK.2.1,18,XBB.1.9.2.5.1.1.2.1,EG.5.1*
October,HK.13.1,13,XBB.1.9.2.5.1.1.13.1,EG.5.1*
October,HV.1,12,XBB.1.9.2.5.1.6.1,EG.5.1*
October,HK.3.9,11,XBB.1.9.2.5.1.1.3.9,EG.5.1*
October,HK.3.6,11,XBB.1.9.2.5.1.1.3.6,EG.5.1*
October,HK.13.2,9,XBB.1.9.2.5.1.1.13.2,EG.5.1*
October,HK.3.11,9,XBB.1.9.2.5.1.1.3.11,EG.5.1*
October,XBB.1.16.26,8,XBB.1.16.26,XBB.1.16*
October,GS.4.1,7,XBB.2.3.11.4.1,Others
October,HK.3.13,6,XBB.1.9.2.5.1.1.3.13,EG.5.1*
October,HK.8,6,XBB.1.9.2.5.1.1.8,EG.5.1*
October,BA.2.86.1,5,B.1.1.529.2.86.1,Others
October,JJ.1,5,XBB.1.9.2.5.1.4.1,EG.5.1*
October,HK.12,5,XBB.1.9.2.5.1.1.12,EG.5.1*
October,HK.23.1,5,XBB.1.9.2.5.1.1.23.1,EG.5.1*
October,FU.5,4,XBB.1.16.1.5,XBB.1.16*
October,FY.5.3,4,XBB.1.22.1.5.3,XBB.1.22.1*
October,JG.3,4,XBB.1.9.2.5.1.3.3,EG.5.1*
October,XBB.1.16,4,XBB.1.16,XBB.1.16*
October,XBB.1.16.1,4,XBB.1.16.1,XBB.1.16*
October,HK.17,4,XBB.1.9.2.5.1.1.17,EG.5.1*
October,FY.3,3,XBB.1.22.1.3,XBB.1.22.1*
October,HK.33,3,XBB.1.9.2.5.1.1.33,EG.5.1*
October,FL.1.5,3,XBB.1.9.1.1.5,XBB.1.9.1*
October,FL.2.3,3,XBB.1.9.1.2.3,XBB.1.9.1*
October,JN.1,3,B.1.1.529.2.86.1.1.1,Others
October,HK.6,3,XBB.1.9.2.5.1.1.6,EG.5.1*
October,EG.5.1.12,3,XBB.1.9.2.5.1.12,EG.5.1*
October,FL.15.2,3,XBB.1.9.1.15.2,XBB.1.9.1*
October,EG.5.1.3,3,XBB.1.9.2.5.1.3,EG.5.1*
October,HK.20.1,3,XBB.1.9.2.5.1.1.20.1,EG.5.1*
October,EG.6.1,3,XBB.1.9.2.16.1,Others
October,HF.1,3,XBB.1.16.13.1,XBB.1.16*
October,HK.22,3,XBB.1.9.2.5.1.1.22,EG.5.1*
October,HK.14,3,XBB.1.9.2.5.1.1.14,EG.5.1*
October,XDC,3,XDC,Others
October,GK.1.1,2,XBB.2.3.10.1.1,Others
October,FL.1.5.1,2,XBB.1.9.1.1.5.1,XBB.1.9.1*
October,JF.1,2,XBB.1.16.6.1,XBB.1.16*
October,HK.1,2,XBB.1.9.2.5.1.1.1,EG.5.1*
October,HK.1.2,2,XBB.1.9.2.5.1.1.1.2,EG.5.1*
October,EG.5.1.4,2,XBB.1.9.2.5.1.4,EG.5.1*
October,HK.3.4,2,XBB.1.9.2.5.1.1.3.4,EG.5.1*
October,FL.15,2,XBB.1.9.1.15,XBB.1.9.1*
October,KB.4,2,XBB.1.9.2.5.1.8.4,EG.5.1*
October,GW.5,2,XBB.1.19.1.5,Others
October,HK.15,2,XBB.1.9.2.5.1.1.15,EG.5.1*
October,XBB.1.16.6,2,XBB.1.16.6,XBB.1.16*
October,JC.2,2,XBB.1.41.1.2,Others
October,EG.5.1.6,2,XBB.1.9.2.5.1.6,EG.5.1*
October,FU.2.1,2,XBB.1.16.1.2.1,XBB.1.16*
October,XBB.1.16.17,2,XBB.1.16.17,XBB.1.16*
October,DV.7.1.5,2,B.1.1.529.2.75.3.4.1.1.1.1.1.7.1.5,BA.2.75*
October,XBC.1.6.1,2,XBC.1.6.1,Others
October,HK.18,2,XBB.1.9.2.5.1.1.18,EG.5.1*
October,FL.15.4,2,XBB.1.9.1.15.4,XBB.1.9.1*
October,HK.2,1,XBB.1.9.2.5.1.1.2,EG.5.1*
October,FY.3.2,1,XBB.1.22.1.3,XBB.1.22.1*
October,FL.13.2,1,XBB.1.9.1.13.2,XBB.1.9.1*
October,JN.3,1,B.1.1.529.2.86.1.3,Others
October,FY.3.1,1,XBB.1.22.1.3,XBB.1.22.1*
October,XBB.1.16.15,1,XBB.1.16.15,XBB.1.16*
October,HK.30,1,XBB.1.9.2.5.1.1.30,EG.5.1*
October,HN.6,1,XBB.1.9.1.1.5.1.6,XBB.1.9.1*
October,EG.10.1.1,1,XBB.1.9.2.110.1.1,Others
October,KB.1,1,XBB.1.9.2.5.1.8.1,EG.5.1*
October,XCH.1,1,XCH.1,Others
October,HC.2,1,XBB.1.5.44.2,XBB.1.5*
October,XBB.1.41.1,1,XBB.1.41.1,Others
October,FL.1,1,XBB.1.9.1.1,XBB.1.9.1*
October,FY.5.1.1,1,XBB.1.22.1.5.1.1,XBB.1.22.1*
October,EG.5.1.17,1,XBB.1.9.2.5.1.17,EG.5.1*
October,JD.1.1,1,XBB.1.5.102.1.1,XBB.1.5*
October,JG.3.1,1,XBB.1.9.2.5.1.3.3.1,EG.5.1*
October,XBB.1.5.67,1,XBB.1.5.67,XBB.1.5*
October,JN.1.1,1,B.1.1.529.2.86.1.1.1,Others
October,XBB.2.3.11,1,XBB.2.3.11,Others
October,GW.5.3.1,1,XBB.1.19.1.5.3.1,Others
October,HK.28,1,XBB.1.9.2.5.1.1.28,EG.5.1*
October,HK.23,1,XBB.1.9.2.5.1.1.23,EG.5.1*
October,JE.1.1,1,XBB.2.3.3.1.2.1.1.1,Others
October,FL.18.1,1,XBB.1.9.1.18.1,XBB.1.9.1*
October,JM.2,1,XBB.1.16.15.2,XBB.1.16*
October,FL.14,1,XBB.1.9.1.14,XBB.1.9.1*
October,EG.2.2,1,XBB.1.9.2.12.2,Others
October,HK.3.7,1,XBB.1.9.2.5.1.1.3.7,EG.5.1*
October,XBB.1.16.12,1,XBB.1.16.12,XBB.1.16*
October,GJ.1.2,1,XBB.2.3.3.1.2,Others
October,FY.3.3,1,XBB.1.22.1.3,XBB.1.22.1*
October,HK.27,1,XBB.1.9.2.5.1.1.27,EG.5.1*
October,XBB.1.9.1,1,XBB.1.9.1,XBB.1.9.1*
October,XCN,1,XCN,Others
October,GJ.1.2.6,1,XBB.2.3.3.1.2.6,Others
October,DV.7.1.4,1,B.1.1.529.2.75.3.4.1.1.1.1.1.7.1.4,BA.2.75*
December,DY.2,939,B.1.1.529.5.2.48.2,BA.5.2.48*
December,BF.7.14,877,B.1.1.529.5.2.1.7.14,BF.7.14*
December,DY.4,796,B.1.1.529.5.2.48.4,BA.5.2.48*
December,DY.3,530,B.1.1.529.5.2.48.3,BA.5.2.48*
December,BA.5.2.48,457,B.1.1.529.5.2.48,BA.5.2.48*
December,DY.1,306,B.1.1.529.5.2.48.1,BA.5.2.48*
December,DZ.1,216,B.1.1.529.5.2.49.1,Others
December,BF.7.14.1,163,B.1.1.529.5.2.1.7.14.1,BF.7.14*
December,BF.7.14.5,101,B.1.1.529.5.2.1.7.14.5,BF.7.14*
December,BF.7.14.7,83,B.1.1.529.5.2.1.7.14.7,BF.7.14*
December,BF.7.14.4,81,B.1.1.529.5.2.1.7.14.4,BF.7.14*
December,BQ.1.1,75,B.1.1.529.5.3.1.1.1.1.1.1,Others
December,BA.5.2.49,69,B.1.1.529.5.2.49,Others
December,BA.5.2,67,B.1.1.529.5.2,Others
December,BA.5.2.1,48,B.1.1.529.5.2.1,Others
December,BA.5.2.50,45,B.1.1.529.5.2.50,Others
December,CM.12,43,B.1.1.529.2.3.20.12,Others
December,BF.7.14.6,31,B.1.1.529.5.2.1.7.14.6,BF.7.14*
December,CH.1.1.11,31,B.1.1.529.2.75.3.4.1.1.1.1.11,BA.2.75*
December,CH.1.1,30,B.1.1.529.2.75.3.4.1.1.1.1,BA.2.75*
December,DZ.2,25,B.1.1.529.5.2.49.2,Others
December,BA.5.1.32,21,B.1.1.529.5.1.32,Others
December,DY.1.1,19,B.1.1.529.5.2.48.1.1,BA.5.2.48*
December,BF.7.14.3,18,B.1.1.529.5.2.1.7.14.3,BF.7.14*
December,BF.7.14.2,17,B.1.1.529.5.2.1.7.14.2,BF.7.14*
December,XBB.1,15,XBB.1,Others
December,BN.1.2,13,B.1.1.529.2.75.5.1.2,BA.2.75*
December,BA.5.2.6,11,B.1.1.529.5.2.6,Others
December,BF.7,9,B.1.1.529.5.2.1.7,Others
December,BN.1.3,8,B.1.1.529.2.75.5.1.3,BA.2.75*
December,BF.5,7,B.1.1.529.5.2.1.5,Others
December,BR.2.1,7,B.1.1.529.2.75.4.2.1,BA.2.75*
December,CH.1.1.3,7,B.1.1.529.2.75.3.4.1.1.1.1.3,BA.2.75*
December,BQ.1,6,B.1.1.529.5.3.1.1.1.1.1,Others
December,BN.1.3.6,5,B.1.1.529.2.75.5.1.3.6,BA.2.75*
December,BQ.1.2.1,4,B.1.1.529.5.3.1.1.1.1.1.2.1,Others
December,BN.1.3.5,4,B.1.1.529.2.75.5.1.3.5,BA.2.75*
December,BA.5.1,4,B.1.1.529.5.1,Others
December,BQ.1.8,4,B.1.1.529.5.3.1.1.1.1.1.8,Others
December,BN.1.3.1,4,B.1.1.529.2.75.5.1.3.1,BA.2.75*
December,BQ.1.1.3,4,B.1.1.529.5.3.1.1.1.1.1.1.3,Others
December,BN.1.4,3,B.1.1.529.2.75.5.1.4,BA.2.75*
December,BN.3.1,3,B.1.1.529.2.75.5.3.1,BA.2.75*
December,BA.5.2.13,3,B.1.1.529.5.2.13,Others
December,XBB.1.5,3,XBB.1.5,XBB.1.5*
December,EJ.2,3,B.1.1.529.2.75.5.1.3.8.2,BA.2.75*
December,BA.5.2.27,3,B.1.1.529.5.2.27,Others
December,BQ.1.1.18,3,B.1.1.529.5.3.1.1.1.1.1.1.18,Others
December,BA.5.2.20,3,B.1.1.529.5.2.20,Others
December,BF.7.22,3,B.1.1.529.5.2.1.7.22,Others
December,BN.1.2.3,3,B.1.1.529.2.75.5.1.2.3,BA.2.75*
December,BA.5.2.24,2,B.1.1.529.5.2.24,Others
December,XBB.2,2,XBB.2,Others
December,BQ.1.1.4,2,B.1.1.529.5.3.1.1.1.1.1.1.4,Others
December,BN.1.10,2,B.1.1.529.2.75.5.1.10,BA.2.75*
December,BQ.1.18,2,B.1.1.529.5.3.1.1.1.1.1.18,Others
December,BN.1.2.5,2,B.1.1.529.2.75.5.1.2.5,BA.2.75*
December,BN.1.1,2,B.1.1.529.2.75.5.1.1,BA.2.75*
December,BF.7.15,2,B.1.1.529.5.2.1.7.15,Others
December,BN.1.5,2,B.1.1.529.2.75.5.1.5,BA.2.75*
December,BQ.1.1.7,2,B.1.1.529.5.3.1.1.1.1.1.1.7,Others
December,BA.5.2.47,2,B.1.1.529.5.2.47,Others
December,CH.1.1.24,2,B.1.1.529.2.75.3.4.1.1.1.1.24,BA.2.75*
December,BQ.1.23,2,B.1.1.529.5.3.1.1.1.1.1.23,Others
December,BN.1.3.10,2,B.1.1.529.2.75.5.1.3.10,BA.2.75*
December,BA.5.2.34,2,B.1.1.529.5.2.34,Others
December,BQ.1.28,2,B.1.1.529.5.3.1.1.1.1.1.28,Others
December,BA.5.2.35,2,B.1.1.529.5.2.35,Others
December,BF.27,2,B.1.1.529.5.2.1.27,Others
December,BQ.1.1.69,2,B.1.1.529.5.3.1.1.1.1.1.1.69,Others
December,BF.7.19.1,2,B.1.1.529.5.2.1.7.19.1,Others
December,BQ.1.2,2,B.1.1.529.5.3.1.1.1.1.1.2,Others
December,BF.7.12,2,B.1.1.529.5.2.1.7.12,Others
December,BQ.1.1.11,2,B.1.1.529.5.3.1.1.1.1.1.1.11,Others
December,DQ.1,2,B.1.1.529.5.2.47.1,Others
December,BN.1.3.9,1,B.1.1.529.2.75.5.1.3.9,BA.2.75*
December,BN.5,1,B.1.1.529.2.75.5.5,BA.2.75*
December,CP.8,1,B.1.1.529.5.2.6.8,Others
December,FY.3.2,1,XBB.1.22.1.3,XBB.1.22.1*
December,BA.5.2.44,1,B.1.1.529.5.2.44,Others
December,XBF,1,XBF,Others
December,CL.1,1,B.1.1.529.5.1.29.1,Others
December,ED.1,1,B.1.1.529.5.3.1.1.1.1.1.1.18.1,Others
December,EJ.1,1,B.1.1.529.2.75.5.1.3.8.1,BA.2.75*
December,BA.5.2.43,1,B.1.1.529.5.2.43,Others
December,BE.8,1,B.1.1.529.5.3.1.8,Others
December,BN.1.2.6,1,B.1.1.529.2.75.5.1.2.6,BA.2.75*
December,FR.1,1,B.1.1.529.2.75.5.1.2.3.1,BA.2.75*
December,BA.2.3.20,1,BA.2.3.20,Others
December,BF.4,1,B.1.1.529.5.2.1.4,Others
December,DN.2,1,B.1.1.529.5.3.1.1.1.1.1.1.5.2,Others
December,BF.7.21,1,B.1.1.529.5.2.1.7.21,Others
December,BN.1.2.2,1,B.1.1.529.2.75.5.1.2.2,BA.2.75*
December,BA.5.2.61,1,B.1.1.529.5.2.61,Others
December,BQ.1.1.51,1,B.1.1.529.5.3.1.1.1.1.1.1.51,Others
December,BE.1.4.2,1,B.1.1.529.5.3.1.1.4.2,Others
December,BA.5.1.10,1,B.1.1.529.5.1.10,Others
December,XBK.1,1,XBK.1,Others
December,BQ.1.25,1,B.1.1.529.5.3.1.1.1.1.1.25,Others
December,BF.11,1,B.1.1.529.5.2.1.11,Others
December,XBB.1.39,1,XBB.1.39,Others
December,BQ.1.33,1,B.1.1.529.5.3.1.1.1.1.1.33,Others
December,BF.7.6,1,B.1.1.529.5.2.1.7.6,Others
December,BQ.1.5,1,B.1.1.529.5.3.1.1.1.1.1.5,Others
December,DV.3,1,B.1.1.529.2.75.3.4.1.1.1.1.1.3,BA.2.75*
December,DV.6,1,B.1.1.529.2.75.3.4.1.1.1.1.1.6,BA.2.75*
December,CH.1.1.7,1,B.1.1.529.2.75.3.4.1.1.1.1.7,BA.2.75*
December,BF.7.4,1,B.1.1.529.5.2.1.7.4,Others
December,BQ.1.1.10,1,B.1.1.529.5.3.1.1.1.1.1.1.10,Others
December,BA.5.2.23,1,B.1.1.529.5.2.23,Others
December,BQ.1.14,1,B.1.1.529.5.3.1.1.1.1.1.14,Others
December,BQ.1.1.66,1,B.1.1.529.5.3.1.1.1.1.1.1.66,Others
December,BQ.1.1.41,1,B.1.1.529.5.3.1.1.1.1.1.1.41,Others
December,BW.1.1,1,B.1.1.529.5.6.2.1.1,Others
December,BA.5.9,1,B.1.1.529.5.9,Others
December,BL.1,1,B.1.1.529.2.75.1.1,BA.2.75*
December,BQ.1.1.6,1,B.1.1.529.5.3.1.1.1.1.1.1.6,Others
December,BF.26,1,B.1.1.529.5.2.1.26,Others
December,BA.5,1,B.1.1.529.5,Others
December,BQ.1.10,1,B.1.1.529.5.3.1.1.1.1.1.10,Others
December,BE.1.1,1,B.1.1.529.5.3.1.1.1,Others
December,BQ.1.1.68,1,B.1.1.529.5.3.1.1.1.1.1.1.68,Others
December,BN.1.4.3,1,B.1.1.529.2.75.5.1.4.3,BA.2.75*
,,3868,,
