,EventTime,Origin,Destination
0,2020.468687,UNKNOWN,Hong Kong
1,2022.792737,Hong Kong,Hebei
2,2023.093147,Hebei,Zhejiang
3,2022.898707,Hebei,Shandong
4,2022.8742570000002,Hebei,Beijing
5,2022.9808070000001,Beijing,Zhejiang
6,2023.0191670000002,Beijing,Zhejiang
7,2023.0191670000002,Beijing,Zhejiang
8,2023.099817,Beijing,Hebei
9,2022.925377,Beijing,Fujian
10,2023.098627,Beijing,Zhejiang
11,2022.9599070000002,Beijing,Zhejiang
12,2023.016427,Zhejiang,Shandong
13,2023.112317,Shandong,Anhui
14,2023.126017,Anhui,Beijing
15,2023.2169270000002,Anhui,Heilongjiang
16,2022.378607,Hong Kong,Taiwan
17,2022.950677,Taiwan,Shanghai
18,2022.958897,Taiwan,Shanghai
19,2022.8659870000001,Taiwan,Shanghai
20,2023.016427,Shanghai,Zhejiang
21,2022.909507,Taiwan,Hong Kong
22,2023.041087,Taiwan,Zhejiang
23,2023.087657,Taiwan,Hong Kong
24,2023.1424570000001,Taiwan,Hong Kong
25,2023.0958870000002,Taiwan,Hong Kong
26,2022.523297,Taiwan,Shanghai
27,2023.002737,Shanghai,Tianjin
28,2022.702507,Shanghai,Hong Kong
29,2022.9808170000001,Shanghai,Tianjin
30,2023.010957,Shanghai,Tianjin
31,2022.697967,Shanghai,Hong Kong
32,2023.016437,Hong Kong,Zhejiang
33,2022.471557,Hong Kong,Taiwan
34,2022.964367,Hong Kong,Shanghai
35,2022.997247,Hong Kong,Taiwan
36,2022.570627,Hong Kong,Anhui
37,2022.698767,Anhui,Shandong
38,2023.041077,Anhui,Shanxi
39,2023.030117,Anhui,Zhejiang
40,2023.038337,Anhui,Fujian
41,2023.030127,Anhui,Shanxi
42,2023.0903970000002,Anhui,Hubei
43,2023.205467,Anhui,Sichuan
44,2022.993987,Anhui,Heilongjiang
45,2023.0467170000002,Anhui,Gansu
46,2023.002727,Anhui,Shanxi
47,2022.997247,Anhui,Shanxi
48,2023.139707,Anhui,Henan
49,2023.005457,Anhui,Hainan
50,2023.005457,Anhui,Hainan
51,2023.005457,Anhui,Hainan
52,2023.205457,Anhui,Henan
53,2023.0191570000002,Anhui,Shanxi
54,2023.213677,Anhui,Shanghai
55,2023.128367,Anhui,Shanghai
56,2023.2410770000001,Shanghai,Inner Mongolia
57,2023.0220470000002,Anhui,Henan
58,2023.049297,Anhui,Sichuan
59,2022.9944970000001,Anhui,Shanxi
60,2023.030117,Anhui,Zhejiang
61,2023.027837,Anhui,Shandong
62,2023.243817,Shandong,Henan
63,2023.323267,Shandong,Sichuan
64,2023.030117,Anhui,Zhejiang
65,2023.150667,Anhui,Gansu
66,2023.008207,Anhui,Shanghai
67,2022.997237,Anhui,Shandong
68,2023.0273770000001,Anhui,Sichuan
69,2023.282177,Anhui,Shanghai
70,2023.0054670000002,Anhui,Hainan
71,2022.946427,Anhui,Shanxi
72,2023.0054670000002,Anhui,Hainan
73,2023.043817,Anhui,Fujian
74,2023.016427,Anhui,Shanghai
75,2022.9944970000001,Anhui,Shandong
76,2023.002727,Anhui,Sichuan
77,2023.0054670000002,Sichuan,Hainan
78,2023.0054670000002,Anhui,Hainan
79,2023.262997,Anhui,Shanghai
80,2023.2794370000001,Anhui,Heilongjiang
81,2023.128187,Anhui,Henan
82,2023.205467,Henan,Sichuan
83,2022.664567,Anhui,Sichuan
84,2023.049307,Sichuan,Jiangxi
85,2023.2520470000002,Sichuan,Shandong
86,2023.2082070000001,Sichuan,Tianjin
87,2023.342457,Sichuan,Shanghai
88,2023.0328670000001,Sichuan,Ningxia
89,2022.942457,Sichuan,Jilin
90,2023.167107,Sichuan,Yunnan
91,2023.191767,Sichuan,Beijing
92,2023.345197,Sichuan,Yunnan
93,2023.1561470000001,Sichuan,Hubei
94,2023.021897,Sichuan,Chongqing
95,2023.326017,Sichuan,Fujian
96,2023.1561570000001,Sichuan,Xinjiang
97,2023.0136870000001,Sichuan,Xinjiang
98,2022.8385070000002,Sichuan,Hubei
99,2022.774467,Sichuan,Fujian
100,2023.295877,Sichuan,Shanghai
101,2023.0136770000001,Sichuan,Hunan
102,2022.997247,Sichuan,Jiangxi
103,2023.230117,Sichuan,Xinjiang
104,2022.936207,Sichuan,Shandong
105,2023.060257,Shandong,Hainan
106,2023.120537,Sichuan,Hainan
107,2023.202727,Sichuan,Zhejiang
108,2023.282177,Sichuan,Jiangsu
109,2022.997247,Sichuan,Yunnan
110,2023.210947,Sichuan,Inner Mongolia
111,2023.2029770000001,Sichuan,Yunnan
112,2023.254787,Yunnan,Zhejiang
113,2023.2712270000002,Yunnan,Sichuan
114,2022.7785370000001,Sichuan,Shaanxi
115,2023.117297,Shaanxi,Fujian
116,2023.241087,Sichuan,Hebei
117,2023.049307,Sichuan,Heilongjiang
118,2022.936977,Sichuan,Shanghai
119,2023.268487,Sichuan,Zhejiang
120,2022.946057,Sichuan,Hebei
121,2023.030137,Hebei,Hubei
122,2023.304097,Hebei,Jiangsu
123,2023.009387,Hebei,Liaoning
124,2023.3232870000002,Liaoning,Shanxi
125,2023.347937,Liaoning,Beijing
126,2023.287657,Liaoning,Hubei
127,2022.997247,Sichuan,Zhejiang
128,2023.0191570000002,Sichuan,Yunnan
129,2023.1753270000002,Sichuan,Hainan
130,2023.164367,Sichuan,Zhejiang
131,2023.0465570000001,Sichuan,Gansu
132,2022.983547,Sichuan,Xinjiang
133,2023.315057,Sichuan,Henan
134,2022.743527,Sichuan,Shaanxi
135,2023.0136870000001,Shaanxi,Inner Mongolia
136,2023.021897,Shaanxi,Zhejiang
137,2023.016417,Shaanxi,Hebei
138,2022.802787,Shaanxi,Taiwan
139,2022.836837,Shaanxi,Hong Kong
140,2023.0136770000001,Hong Kong,Taiwan
141,2022.898187,Shaanxi,Guangdong
142,2023.3451870000001,Guangdong,Hubei
143,2022.997247,Shaanxi,Gansu
144,2023.223547,Shaanxi,Sichuan
145,2022.850987,Shaanxi,Ningxia
146,2023.095877,Ningxia,Hebei
147,2023.030127,Ningxia,Inner Mongolia
148,2023.030127,Ningxia,Tianjin
149,2023.252037,Ningxia,Beijing
150,2022.9375670000002,Ningxia,Tianjin
151,2023.025337,Tianjin,Jiangsu
152,2023.183547,Jiangsu,Yunnan
153,2022.719787,Sichuan,Guangxi
154,2023.0054670000002,Guangxi,Hainan
155,2023.2136870000002,Guangxi,Shanghai
156,2023.1177870000001,Guangxi,Shandong
157,2023.323267,Guangxi,Guangdong
158,2022.806207,Guangxi,Hainan
159,2022.975327,Hainan,Jiangsu
160,2022.939707,Hainan,Guizhou
161,2023.2010870000001,Guangxi,Jiangxi
162,2022.944627,Guangxi,Liaoning
163,2023.361637,Liaoning,Shanxi
164,2022.997247,Liaoning,Gansu
165,2023.238347,Guangxi,Inner Mongolia
166,2023.147937,Guangxi,Shaanxi
167,2023.030127,Guangxi,Chongqing
168,2022.9999870000001,Guangxi,Yunnan
169,2023.069287,Guangxi,Shandong
170,2022.8137370000002,Guangxi,Yunnan
171,2023.093127,Yunnan,Hebei
172,2023.002717,Yunnan,Hunan
173,2023.161617,Yunnan,Qinghai
174,2023.3314870000002,Yunnan,Jiangxi
175,2023.1561470000001,Yunnan,Xinjiang
176,2022.9944970000001,Yunnan,Inner Mongolia
177,2022.881937,Yunnan,Guizhou
178,2023.005457,Guizhou,Hunan
179,2023.1099470000001,Yunnan,Guangdong
180,2022.997247,Sichuan,Chongqing
181,2023.016417,Sichuan,Shanxi
182,2022.9232670000001,Sichuan,Shanghai
183,2022.915357,Sichuan,Xinjiang
184,2023.235607,Xinjiang,Tianjin
185,2023.1040970000001,Sichuan,Hebei
186,2023.0136870000001,Sichuan,Jiangsu
187,2022.9342370000002,Sichuan,Xinjiang
188,2023.0383470000002,Sichuan,Gansu
189,2022.923277,Sichuan,Anhui
190,2022.9862870000002,Sichuan,Hainan
191,2023.0054770000002,Sichuan,Hainan
192,2022.978077,Sichuan,Guangdong
193,2022.904507,Sichuan,Fujian
194,2023.167447,Sichuan,Shanghai
195,2022.975077,Sichuan,Shanghai
196,2023.323277,Shanghai,Hubei
197,2023.3177970000002,Shanghai,Guangdong
198,2022.913057,Sichuan,Inner Mongolia
199,2022.995507,Inner Mongolia,Hainan
200,2023.1150670000002,Hainan,Jiangsu
201,2023.112327,Inner Mongolia,Beijing
202,2023.189037,Inner Mongolia,Shanxi
203,2022.845317,Sichuan,Ningxia
204,2022.983557,Ningxia,Shaanxi
205,2023.087667,Ningxia,Yunnan
206,2022.983887,Ningxia,Gansu
207,2023.008207,Ningxia,Taiwan
208,2023.0936370000002,Taiwan,Gansu
209,2023.2794370000001,Gansu,Sichuan
210,2022.745167,Sichuan,Tianjin
211,2023.082187,Tianjin,Jiangxi
212,2023.0054670000002,Tianjin,Shaanxi
213,2022.9401070000001,Tianjin,Guangdong
214,2022.976917,Guangdong,Shaanxi
215,2023.205467,Shaanxi,Hebei
216,2023.224647,Shaanxi,Hebei
217,2023.238347,Shaanxi,Hebei
218,2023.150677,Shaanxi,Tianjin
219,2023.139727,Shaanxi,Jiangxi
220,2022.978077,Tianjin,Guangdong
221,2023.117797,Tianjin,Shandong
222,2022.947947,Tianjin,Inner Mongolia
223,2023.035617,Tianjin,Hunan
224,2023.202737,Tianjin,Zhejiang
225,2023.1479470000002,Tianjin,Liaoning
226,2023.320547,Tianjin,Gansu
227,2023.164377,Tianjin,Shanxi
228,2023.210947,Tianjin,Jilin
229,2022.973437,Tianjin,Henan
230,2023.3424670000002,Henan,Shanghai
231,2023.3369870000001,Henan,Beijing
232,2023.1753370000001,Henan,Hainan
233,2022.956157,Tianjin,Hebei
234,2022.858467,Tianjin,Jilin
235,2023.254777,Jilin,Anhui
236,2023.339717,Jilin,Hubei
237,2023.2520470000002,Jilin,Beijing
238,2022.933547,Tianjin,Hunan
239,2023.049307,Hunan,Guangxi
240,2022.923277,Tianjin,Shaanxi
241,2023.0328670000001,Tianjin,Guangdong
242,2023.0383470000002,Tianjin,Zhejiang
243,2023.2465570000002,Tianjin,Inner Mongolia
244,2022.9794570000001,Tianjin,Inner Mongolia
245,2023.3561570000002,Tianjin,Heilongjiang
246,2023.334237,Tianjin,Xinjiang
247,2023.150677,Tianjin,Shaanxi
248,2023.0520470000001,Tianjin,Hebei
249,2023.3123170000001,Tianjin,Fujian
250,2023.0191670000002,Tianjin,Hubei
251,2023.347937,Tianjin,Gansu
252,2022.997257,Tianjin,Yunnan
253,2023.1945170000001,Tianjin,Shandong
254,2023.167117,Tianjin,Zhejiang
255,2022.839307,Tianjin,Liaoning
256,2022.928917,Liaoning,Guangxi
257,2023.210957,Liaoning,Jilin
258,2022.956157,Liaoning,Hebei
259,2022.940167,Liaoning,Ningxia
260,2023.191767,Ningxia,Inner Mongolia
261,2022.978077,Liaoning,Shanxi
262,2023.3753370000002,Liaoning,Yunnan
263,2022.927467,Liaoning,Guangxi
264,2023.1999970000002,Liaoning,Anhui
265,2023.010957,Liaoning,Jilin
266,2023.016437,Liaoning,Ningxia
267,2022.925347,Liaoning,Xinjiang
268,2023.027387,Xinjiang,Tianjin
269,2022.958897,Xinjiang,Hebei
270,2023.134237,Hebei,Inner Mongolia
271,2023.205477,Hebei,Gansu
272,2023.010947,Hebei,Jilin
273,2023.0255670000001,Jilin,Tianjin
274,2023.030127,Tianjin,Guizhou
275,2022.753207,Sichuan,Shanghai
276,2023.1945070000002,Shanghai,Jiangsu
277,2022.950677,Shanghai,Guangxi
278,2023.1698470000001,Shanghai,Anhui
279,2023.0383470000002,Shanghai,Guizhou
280,2023.0817470000002,Shanghai,Henan
281,2023.093147,Shanghai,Guangdong
282,2022.9862970000001,Shanghai,Sichuan
283,2022.9671070000002,Shanghai,Hubei
284,2022.933557,Shanghai,Hainan
285,2023.164367,Hainan,Yunnan
286,2022.827227,Shanghai,Fujian
287,2023.342447,Fujian,Heilongjiang
288,2023.1753370000001,Shanghai,Henan
289,2023.0054670000002,Shanghai,Hainan
290,2023.1287570000002,Shanghai,Heilongjiang
291,2022.845117,Shanghai,Inner Mongolia
292,2022.956147,Inner Mongolia,Hebei
293,2023.2136870000002,Inner Mongolia,Jilin
294,2023.0191670000002,Inner Mongolia,Zhejiang
295,2022.950667,Inner Mongolia,Hong Kong
296,2023.065747,Shanghai,Xinjiang
297,2023.219167,Shanghai,Inner Mongolia
298,2022.848797,Shanghai,Liaoning
299,2023.2931370000001,Liaoning,Heilongjiang
300,2023.164377,Liaoning,Fujian
301,2023.060267,Liaoning,Anhui
302,2023.002727,Liaoning,Heilongjiang
303,2022.852597,Shanghai,Hong Kong
304,2023.183547,Hong Kong,Guangdong
305,2023.0288070000001,Hong Kong,Shanghai
306,2023.172587,Shanghai,Sichuan
307,2023.3177970000002,Shanghai,Henan
308,2023.0520370000002,Hong Kong,Guangdong
309,2023.1945170000001,Shanghai,Hubei
310,2023.027387,Shanghai,Ningxia
311,2023.219167,Shanghai,Shaanxi
312,2022.9014670000001,Shanghai,Hainan
313,2023.063977,Shanghai,Heilongjiang
314,2023.295877,Shanghai,Yunnan
315,2022.992267,Shanghai,Liaoning
316,2023.334227,Liaoning,Beijing
317,2023.221907,Liaoning,Jilin
318,2022.842677,Shanghai,Beijing
319,2022.9999870000001,Beijing,Liaoning
320,2023.082177,Beijing,Henan
321,2023.145187,Beijing,Henan
322,2022.983547,Beijing,Xinjiang
323,2023.268477,Xinjiang,Zhejiang
324,2023.342457,Beijing,Shanghai
325,2023.326017,Beijing,Fujian
326,2023.219167,Beijing,Jilin
327,2023.2602570000001,Beijing,Fujian
328,2022.9671070000002,Beijing,Fujian
329,2023.257527,Beijing,Liaoning
330,2023.230127,Beijing,Zhejiang
331,2023.054787,Beijing,Taiwan
332,2022.855297,Shanghai,Jiangxi
333,2023.010947,Jiangxi,Jilin
334,2022.964377,Jiangxi,Zhejiang
335,2023.202737,Zhejiang,Fujian
336,2023.093147,Jiangxi,Zhejiang
337,2022.958857,Jiangxi,Guizhou
338,2023.117797,Guizhou,Tianjin
339,2022.983547,Shanghai,Ningxia
340,2023.008207,Shanghai,Jilin
341,2022.997237,Shanghai,Hong Kong
342,2023.191767,Shanghai,Heilongjiang
343,2023.095877,Shanghai,Zhejiang
344,2023.216427,Shanghai,Jilin
345,2022.959847,Shanghai,Shaanxi
346,2023.049307,Shaanxi,Jiangxi
347,2022.939937,Shanghai,Hebei
348,2023.0191670000002,Hebei,Yunnan
349,2023.030117,Hebei,Tianjin
350,2023.323267,Tianjin,Liaoning
351,2022.936967,Shanghai,Beijing
352,2023.041077,Shanghai,Liaoning
353,2023.361627,Shanghai,Shanxi
354,2023.005457,Shanghai,Hainan
355,2022.905637,Shanghai,Beijing
356,2023.1159870000001,Beijing,Hainan
357,2023.238337,Hainan,Hubei
358,2023.186277,Hainan,Henan
359,2023.108627,Beijing,Fujian
360,2022.918967,Shanghai,Yunnan
361,2023.016417,Yunnan,Shanghai
362,2023.1249070000001,Shanghai,Qinghai
363,2023.2602570000001,Yunnan,Heilongjiang
364,2023.339707,Yunnan,Beijing
365,2023.309567,Yunnan,Sichuan
366,2023.232857,Yunnan,Liaoning
367,2023.1616270000002,Yunnan,Gansu
368,2023.112307,Yunnan,Beijing
369,2023.2547670000001,Yunnan,Anhui
370,2022.7325270000001,Sichuan,Anhui
371,2022.871947,Anhui,Fujian
372,2022.974527,Fujian,Shandong
373,2023.139717,Shandong,Hainan
374,2022.997247,Anhui,Jiangxi
375,2023.065747,Anhui,Hebei
376,2023.131497,Anhui,Hebei
377,2023.1287570000002,Anhui,Hebei
378,2022.978067,Anhui,Shandong
379,2022.9342370000002,Anhui,Zhejiang
380,2023.0136870000001,Anhui,Jiangxi
381,2022.958897,Anhui,Jiangxi
382,2022.926017,Anhui,Shanghai
383,2023.030127,Anhui,Guangdong
384,2022.983547,Anhui,Fujian
385,2022.923277,Anhui,Shanghai
386,2023.002197,Anhui,Sichuan
387,2022.874207,Anhui,Shanghai
388,2022.923277,Shanghai,Anhui
389,2022.923277,Shanghai,Anhui
390,2022.923277,Shanghai,Anhui
391,2023.027387,Anhui,Shandong
392,2023.0712270000001,Anhui,Guangdong
393,2023.1946070000001,Anhui,Liaoning
394,2023.121057,Anhui,Shandong
395,2022.936977,Anhui,Zhejiang
396,2023.0076470000001,Zhejiang,Anhui
397,2023.084927,Anhui,Fujian
398,2022.848377,Anhui,Hubei
399,2023.0273770000001,Hubei,Guangdong
400,2023.0054670000002,Hubei,Shandong
401,2023.076697,Hubei,Shandong
402,2023.093137,Hubei,Fujian
403,2022.8922770000001,Hubei,Heilongjiang
404,2023.3260070000001,Heilongjiang,Yunnan
405,2022.931487,Hubei,Zhejiang
406,2023.002717,Zhejiang,Shandong
407,2023.1835370000001,Zhejiang,Tianjin
408,2022.956147,Zhejiang,Guangdong
409,2022.956147,Guangdong,Hebei
410,2023.153417,Hebei,Heilongjiang
411,2023.035607,Hebei,Shandong
412,2023.210947,Shandong,Hebei
413,2023.028667,Anhui,Hebei
414,2023.159627,Hebei,Beijing
415,2023.0328670000001,Anhui,Jiangxi
416,2023.0978770000002,Anhui,Shanxi
417,2023.326017,Shanxi,Beijing
418,2023.041087,Anhui,Shandong
419,2022.9862870000002,Anhui,Fujian
420,2023.0136870000001,Anhui,Guangdong
421,2022.923277,Anhui,Shanghai
422,2022.923277,Anhui,Shanghai
423,2022.922827,Anhui,Shanghai
424,2022.927167,Shanghai,Hubei
425,2022.9724370000001,Hubei,Guangdong
426,2023.0849170000001,Guangdong,Hebei
427,2023.109567,Guangdong,Hebei
428,2023.112307,Guangdong,Anhui
429,2023.107747,Guangdong,Anhui
430,2023.1753170000002,Anhui,Tianjin
431,2022.7751170000001,Anhui,Zhejiang
432,2023.0273770000001,Zhejiang,Guangxi
433,2023.1541670000001,Zhejiang,Shanghai
434,2023.0903970000002,Zhejiang,Xinjiang
435,2022.956147,Zhejiang,Guangxi
436,2023.0054670000002,Guangxi,Hainan
437,2023.216427,Zhejiang,Jiangsu
438,2023.2849270000002,Jiangsu,Shanghai
439,2023.0136870000001,Zhejiang,Guangxi
440,2022.855587,Zhejiang,Shanghai
441,2023.0520470000001,Zhejiang,Shandong
442,2023.0849170000001,Zhejiang,Fujian
443,2023.219167,Zhejiang,Jiangsu
444,2023.135317,Zhejiang,Heilongjiang
445,2023.205457,Zhejiang,Fujian
446,2023.098617,Zhejiang,Fujian
447,2023.2602570000001,Zhejiang,Shanghai
448,2023.021897,Zhejiang,Fujian
449,2023.183547,Zhejiang,Guangdong
450,2022.928237,Zhejiang,Anhui
451,2023.031037,Anhui,Fujian
452,2022.9690170000001,Zhejiang,Anhui
453,2023.106837,Anhui,Guangdong
454,2023.117797,Anhui,Hainan
455,2023.1150770000002,Anhui,Shanxi
456,2023.306837,Shanxi,Shanghai
457,2022.997247,Anhui,Guangxi
458,2023.0054670000002,Guangxi,Hainan
459,2023.219167,Guangxi,Hebei
460,2023.021897,Zhejiang,Tianjin
461,2023.1616270000002,Zhejiang,Henan
462,2023.301357,Zhejiang,Shanghai
463,2023.073957,Zhejiang,Guangdong
464,2022.945467,Zhejiang,Anhui
465,2023.0126870000001,Anhui,Inner Mongolia
466,2022.908187,Zhejiang,Tianjin
467,2023.005457,Tianjin,Hainan
468,2023.134227,Tianjin,Hainan
469,2023.010937,Tianjin,Jilin
470,2023.035597,Tianjin,Gansu
471,2022.895987,Zhejiang,Guangxi
472,2022.9808070000001,Guangxi,Shandong
473,2023.010947,Guangxi,Jilin
474,2022.913057,Guangxi,Hebei
475,2022.990957,Hebei,Fujian
476,2023.030117,Hebei,Gansu
477,2023.191757,Gansu,Hebei
478,2023.0273770000001,Hebei,Tianjin
479,2023.115047,Tianjin,Xinjiang
480,2023.0435670000002,Hebei,Jilin
481,2023.309577,Jilin,Shanghai
482,2023.122607,Hebei,Shanxi
483,2023.202727,Hebei,Guangdong
484,2023.213677,Hebei,Jilin
485,2023.010937,Hebei,Jilin
486,2023.035597,Jilin,Guangdong
487,2023.2218970000001,Guangdong,Hebei
488,2023.0884270000001,Hebei,Henan
489,2023.213677,Henan,Hebei
490,2023.115057,Hong Kong,Taiwan
491,2023.0054670000002,Hong Kong,Taiwan
492,2022.5266570000001,Hong Kong,Taiwan
493,2022.734887,Hong Kong,Taiwan
494,2022.9232670000001,Hong Kong,Taiwan
495,2023.0136770000001,Hong Kong,Inner Mongolia
496,2022.607477,Hong Kong,Xinjiang
497,2022.9753170000001,Xinjiang,Shandong
498,2023.0328570000001,Xinjiang,Gansu
499,2023.010937,Xinjiang,Henan
500,2022.907977,Xinjiang,Henan
501,2023.1878470000001,Henan,Xinjiang
502,2023.3259970000001,Henan,Xinjiang
503,2023.121277,Henan,Gansu
504,2022.941337,Henan,Gansu
505,2022.5505870000002,Hong Kong,Henan
506,2022.811707,Henan,Qinghai
507,2022.923277,Qinghai,Inner Mongolia
508,2022.8558970000001,Henan,Shanghai
509,2022.825327,Henan,Shanghai
510,2023.164367,Shanghai,Henan
511,2022.9232670000001,Henan,Shanghai
512,2022.9287470000002,Henan,Hubei
513,2022.9184070000001,Henan,Xinjiang
514,2022.994507,Henan,Xinjiang
515,2022.8928170000002,Henan,Anhui
516,2022.889347,Henan,Hubei
517,2022.6454370000001,Henan,Hebei
518,2022.787417,Hebei,Hunan
519,2022.8353570000002,Hunan,Hebei
520,2023.0465570000001,Hunan,Hebei
521,2023.0473670000001,Hunan,Shandong
522,2022.9944970000001,Hunan,Shandong
523,2022.844257,Hunan,Zhejiang
524,2022.989027,Zhejiang,Guangxi
525,2023.040407,Zhejiang,Hebei
526,2023.1061570000002,Hunan,Hebei
527,2023.1753270000002,Hebei,Guangdong
528,2022.926017,Hebei,Inner Mongolia
529,2023.0136870000001,Hebei,Inner Mongolia
530,2022.825237,Hebei,Tianjin
531,2022.994507,Tianjin,Xinjiang
532,2023.0136870000001,Tianjin,Inner Mongolia
533,2023.087657,Tianjin,Hebei
534,2023.016427,Hebei,Ningxia
535,2022.9367670000001,Hebei,Guangdong
536,2023.186297,Guangdong,Hebei
537,2023.2218970000001,Hebei,Jilin
538,2022.9862870000002,Hebei,Ningxia
539,2022.826017,Hebei,Shandong
540,2022.942867,Shandong,Guangxi
541,2022.9287570000001,Shandong,Fujian
542,2023.0531070000002,Shandong,Jiangsu
543,2022.8550870000001,Shandong,Anhui
544,2023.0191670000002,Anhui,Zhejiang
545,2023.0136870000001,Anhui,Shandong
546,2022.9287570000001,Anhui,Inner Mongolia
547,2022.9342370000002,Anhui,Fujian
548,2022.923277,Anhui,Shanghai
549,2022.950677,Anhui,Shandong
550,2022.877827,Hebei,Jilin
551,2023.0191570000002,Jilin,Heilongjiang
552,2022.9596470000001,Jilin,Liaoning
553,2022.9999870000001,Liaoning,Heilongjiang
554,2022.969127,Jilin,Fujian
555,2023.257527,Jilin,Heilongjiang
556,2022.9999870000001,Jilin,Heilongjiang
557,2023.120167,Jilin,Jiangsu
558,2023.054777,Jilin,Heilongjiang
559,2023.159817,Jilin,Heilongjiang
560,2022.979707,Jilin,Liaoning
561,2023.087657,Liaoning,Fujian
562,2023.1460470000002,Liaoning,Heilongjiang
563,2023.010947,Liaoning,Jilin
564,2022.497137,Hong Kong,Jiangsu
565,2023.2657370000002,Jiangsu,Zhejiang
566,2023.172297,Jiangsu,Inner Mongolia
567,2022.629107,Jiangsu,Yunnan
568,2023.008207,Yunnan,Jilin
569,2023.2136870000002,Yunnan,Zhejiang
570,2023.1040970000001,Yunnan,Xinjiang
571,2023.013697,Yunnan,Guangxi
572,2023.1753370000001,Yunnan,Anhui
573,2023.030137,Yunnan,Guizhou
574,2023.0328670000001,Yunnan,Xinjiang
575,2022.807237,Yunnan,Sichuan
576,2022.9808070000001,Sichuan,Zhejiang
577,2023.008207,Sichuan,Hainan
578,2023.016427,Sichuan,Shanghai
579,2023.0328670000001,Sichuan,Guizhou
580,2022.989037,Sichuan,Yunnan
581,2023.172597,Sichuan,Gansu
582,2023.0328570000001,Sichuan,Guangxi
583,2023.112317,Sichuan,Tianjin
584,2023.030127,Sichuan,Guizhou
585,2023.0191670000002,Sichuan,Taiwan
586,2023.167107,Sichuan,Zhejiang
587,2023.216427,Sichuan,Shaanxi
588,2023.0191670000002,Sichuan,Yunnan
589,2022.991767,Sichuan,Chongqing
590,2022.9999870000001,Yunnan,Zhejiang
591,2023.0054770000002,Yunnan,Hainan
592,2023.049297,Yunnan,Fujian
593,2023.139717,Yunnan,Fujian
594,2022.976247,Yunnan,Fujian
595,2022.997247,Fujian,Zhejiang
596,2023.164367,Zhejiang,Yunnan
597,2022.9999970000001,Yunnan,Hainan
598,2023.147977,Yunnan,Guangdong
599,2023.021907,Yunnan,Zhejiang
600,2022.948967,Yunnan,Fujian
601,2023.0054670000002,Yunnan,Hainan
602,2023.205467,Yunnan,Fujian
603,2023.081547,Yunnan,Fujian
604,2022.700957,Yunnan,Inner Mongolia
605,2023.202727,Inner Mongolia,Shaanxi
606,2023.010947,Inner Mongolia,Guangxi
607,2022.997247,Inner Mongolia,Chongqing
608,2022.902237,Inner Mongolia,Qinghai
609,2023.145207,Qinghai,Gansu
610,2023.117807,Inner Mongolia,Shandong
611,2023.027397,Inner Mongolia,Ningxia
612,2023.320547,Inner Mongolia,Gansu
613,2022.8883970000002,Inner Mongolia,Jilin
614,2023.243827,Jilin,Liaoning
615,2022.994527,Inner Mongolia,Guangdong
616,2023.030137,Inner Mongolia,Shaanxi
617,2022.994427,Inner Mongolia,Qinghai
618,2023.172597,Qinghai,Shanxi
619,2023.010957,Inner Mongolia,Jilin
620,2023.320537,Inner Mongolia,Gansu
621,2023.1287570000002,Inner Mongolia,Anhui
622,2023.254787,Inner Mongolia,Qinghai
623,2023.121497,Inner Mongolia,Chongqing
624,2022.881267,Inner Mongolia,Shaanxi
625,2022.964377,Inner Mongolia,Liaoning
626,2023.216427,Inner Mongolia,Jilin
627,2022.983547,Inner Mongolia,Ningxia
628,2023.0587970000001,Inner Mongolia,Shanghai
629,2022.632397,Jiangsu,Anhui
630,2023.2392570000002,Anhui,Inner Mongolia
631,2022.735197,Anhui,Jiangxi
632,2022.891867,Jiangxi,Jiangsu
633,2023.2136870000002,Jiangxi,Guangxi
634,2022.840177,Jiangxi,Guangdong
635,2023.202727,Jiangxi,Guangxi
636,2023.2136870000002,Jiangxi,Guangxi
637,2023.2986170000001,Jiangxi,Guangdong
638,2022.696787,Anhui,Chongqing
639,2022.897577,Chongqing,Shanghai
640,2022.978077,Shanghai,Henan
641,2022.967997,Shanghai,Fujian
642,2023.068477,Shanghai,Henan
643,2022.983547,Chongqing,Ningxia
644,2023.262997,Chongqing,Qinghai
645,2023.219167,Chongqing,Jilin
646,2023.168807,Chongqing,Shanxi
647,2023.290387,Chongqing,Jiangxi
648,2023.243817,Chongqing,Inner Mongolia
649,2023.265727,Chongqing,Yunnan
650,2023.306827,Chongqing,Guangdong
651,2022.9232670000001,Anhui,Ningxia
652,2022.9999870000001,Anhui,Guangxi
653,2023.126007,Anhui,Tianjin
654,2022.8719370000001,Anhui,Guizhou
655,2023.235607,Guizhou,Guangxi
656,2023.049297,Anhui,Jiangsu
657,2022.9128070000002,Anhui,Guangdong
658,2022.753347,Anhui,Jilin
659,2022.936967,Jilin,Ningxia
660,2023.326017,Jilin,Xinjiang
661,2023.290397,Jilin,Liaoning
662,2022.752997,Anhui,Hebei
663,2022.9671070000002,Hebei,Gansu
664,2023.0191570000002,Hebei,Ningxia
665,2023.216417,Hebei,Jilin
666,2022.916427,Hebei,Gansu
667,2023.243817,Gansu,Inner Mongolia
668,2022.7712270000002,Anhui,Jilin
669,2023.010937,Jilin,Liaoning
670,2023.301347,Jilin,Liaoning
671,2023.128747,Jilin,Liaoning
672,2023.024637,Jilin,Yunnan
673,2023.038337,Jilin,Inner Mongolia
674,2022.991757,Jilin,Guangxi
675,2022.964077,Jilin,Heilongjiang
676,2023.2027170000001,Heilongjiang,Inner Mongolia
677,2023.243817,Heilongjiang,Inner Mongolia
678,2023.2986070000002,Inner Mongolia,Beijing
679,2023.271217,Heilongjiang,Sichuan
680,2023.336967,Heilongjiang,Beijing
681,2023.273957,Heilongjiang,Jiangsu
682,2023.128747,Anhui,Shaanxi
683,2023.1424470000002,Anhui,Hebei
684,2022.873977,Anhui,Jiangsu
685,2023.301347,Jiangsu,Jiangxi
686,2022.924377,Jiangsu,Inner Mongolia
687,2023.008207,Inner Mongolia,Jilin
688,2023.1890270000001,Jilin,Liaoning
689,2022.7845670000002,Anhui,Beijing
690,2023.235597,Beijing,Tianjin
691,2023.1869370000002,Beijing,Yunnan
692,2023.1753170000002,Beijing,Hainan
693,2022.903937,Beijing,Zhejiang
694,2023.0328570000001,Beijing,Guizhou
695,2022.9544170000001,Beijing,Inner Mongolia
696,2023.112307,Inner Mongolia,Tianjin
697,2023.0008870000001,Inner Mongolia,Hainan
698,2023.0273670000001,Hainan,Ningxia
699,2023.005447,Hainan,Hunan
700,2022.760537,Anhui,Heilongjiang
701,2022.799177,Heilongjiang,Shaanxi
702,2023.308037,Shaanxi,Shanxi
703,2022.836867,Heilongjiang,Tianjin
704,2023.073957,Tianjin,Shaanxi
705,2022.942737,Tianjin,Jiangsu
706,2023.1698470000001,Tianjin,Beijing
707,2023.0191670000002,Tianjin,Chongqing
708,2023.361637,Tianjin,Shanxi
709,2023.224647,Tianjin,Inner Mongolia
710,2023.2520470000002,Tianjin,Beijing
711,2023.345197,Tianjin,Liaoning
712,2023.339717,Tianjin,Xinjiang
713,2023.257977,Tianjin,Gansu
714,2022.826847,Heilongjiang,Hunan
715,2022.9999870000001,Hunan,Jiangsu
716,2023.150187,Hunan,Sichuan
717,2023.106837,Hunan,Shanxi
718,2022.978067,Hunan,Guizhou
719,2022.997247,Hunan,Yunnan
720,2023.120537,Hunan,Hainan
721,2022.9905170000002,Hunan,Zhejiang
722,2022.997237,Anhui,Jiangxi
723,2022.9807970000002,Anhui,Chongqing
724,2022.9807970000002,Anhui,Guizhou
725,2022.806917,Anhui,Shanghai
726,2023.082177,Shanghai,Chongqing
727,2023.127917,Shanghai,Anhui
728,2022.9808070000001,Shanghai,Shanxi
729,2022.972577,Shanghai,Hebei
730,2023.010937,Shanghai,Guangdong
731,2022.9257670000002,Shanghai,Jilin
732,2023.249297,Jilin,Tianjin
733,2022.9287470000002,Shanghai,Inner Mongolia
734,2022.956147,Shanghai,Guangdong
735,2022.915367,Shanghai,Jilin
736,2023.194497,Shanghai,Shandong
737,2022.997237,Shanghai,Hebei
738,2022.9197470000001,Shanghai,Anhui
739,2023.2794270000002,Anhui,Zhejiang
740,2022.8529270000001,Shanghai,Shanxi
741,2023.1561470000001,Shanxi,Shandong
742,2023.038337,Shanxi,Heilongjiang
743,2023.2328670000002,Shanxi,Shandong
744,2023.2027170000001,Shanxi,Guangxi
745,2023.1369670000001,Shanxi,Jiangsu
746,2023.267597,Shanxi,Henan
747,2023.0136870000001,Shanxi,Inner Mongolia
748,2023.252027,Shanxi,Liaoning
749,2022.951747,Shanxi,Tianjin
750,2023.197237,Tianjin,Guangdong
751,2023.0271870000001,Tianjin,Heilongjiang
752,2023.268467,Heilongjiang,Jiangsu
753,2023.238327,Tianjin,Jiangxi
754,2023.161617,Tianjin,Chongqing
755,2023.282167,Tianjin,Shanxi
756,2023.194487,Tianjin,Hebei
757,2023.2164070000001,Tianjin,Jiangxi
758,2022.828367,Jiangsu,Liaoning
759,2022.994507,Jiangsu,Sichuan
760,2022.978067,Jiangsu,Guizhou
761,2023.093137,Jiangsu,Zhejiang
762,2023.345197,Jiangsu,Shanghai
763,2022.8887570000002,Jiangsu,Xinjiang
764,2022.991767,Jiangsu,Sichuan
765,2023.035597,Jiangsu,Taiwan
766,2023.1753270000002,Jiangsu,Hainan
767,2022.9408070000002,Jiangsu,Zhejiang
768,2022.972587,Zhejiang,Yunnan
769,2023.1503770000002,Jiangsu,Shanghai
770,2023.1177870000001,Jiangsu,Liaoning
771,2022.949327,Jiangsu,Shandong
772,2023.2602470000002,Jiangsu,Beijing
773,2023.010927,Jiangsu,Hebei
774,2023.068467,Jiangsu,Anhui
775,2022.781707,Jiangsu,Taiwan
776,2023.0333870000002,Taiwan,Liaoning
777,2023.268467,Liaoning,Sichuan
778,2022.916887,Jiangsu,Shandong
779,2022.829667,Jiangsu,Shaanxi
780,2022.890257,Shaanxi,Hainan
781,2023.3177870000002,Hainan,Henan
782,2023.1018370000002,Shaanxi,Sichuan
783,2022.978027,Shaanxi,Yunnan
784,2023.1373370000001,Yunnan,Shaanxi
785,2023.126007,Jiangsu,Hubei
786,2023.030127,Jiangsu,Inner Mongolia
787,2022.972587,Jiangsu,Guangdong
788,2023.183547,Jiangsu,Guangdong
789,2023.216427,Jiangsu,Hubei
790,2023.0136870000001,Jiangsu,Fujian
791,2023.095877,Jiangsu,Shaanxi
792,2023.062997,Jiangsu,Guangdong
793,2023.060257,Jiangsu,Hainan
794,2023.1424470000002,Jiangsu,Henan
795,2023.1561570000001,Jiangsu,Hainan
796,2022.8993870000002,Jiangsu,Zhejiang
797,2023.106837,Zhejiang,Hubei
798,2022.964467,Jiangsu,Shanghai
799,2023.030117,Jiangsu,Guizhou
800,2023.008197,Jiangsu,Guangdong
801,2023.0191670000002,Jiangsu,Shandong
802,2022.9014570000002,Jiangsu,Heilongjiang
803,2022.989027,Jiangsu,Hubei
804,2023.0328570000001,Jiangsu,Anhui
805,2022.8961370000002,Jiangsu,Fujian
806,2023.1534370000002,Jiangsu,Shanghai
807,2023.254777,Shanghai,Anhui
808,2022.994507,Jiangsu,Guangdong
809,2023.032837,Jiangsu,Heilongjiang
810,2022.888537,Jiangsu,Jiangxi
811,2023.0191670000002,Jiangxi,Zhejiang
812,2023.073967,Jiangxi,Anhui
813,2023.106837,Jiangxi,Anhui
814,2023.092687,Jiangxi,Fujian
815,2023.1040970000001,Jiangsu,Guangdong
816,2023.153407,Jiangsu,Hubei
817,2023.002727,Jiangsu,Shandong
818,2023.0191570000002,Jiangsu,Taiwan
819,2023.180807,Jiangsu,Zhejiang
820,2023.2986070000002,Jiangsu,Shanghai
821,2023.0849170000001,Jiangsu,Zhejiang
822,2023.197247,Jiangsu,Zhejiang
823,2022.964367,Jiangsu,Anhui
824,2022.994507,Anhui,Henan
825,2022.838287,Jiangsu,Zhejiang
826,2023.024647,Zhejiang,Shaanxi
827,2023.0136870000001,Zhejiang,Taiwan
828,2023.016427,Zhejiang,Taiwan
829,2022.972587,Zhejiang,Yunnan
830,2023.260267,Zhejiang,Shanghai
831,2022.945117,Zhejiang,Heilongjiang
832,2023.035607,Zhejiang,Hunan
833,2022.9999870000001,Zhejiang,Hainan
834,2022.997247,Zhejiang,Shandong
835,2023.060267,Zhejiang,Hainan
836,2023.0136870000001,Zhejiang,Hunan
837,2023.0054670000002,Zhejiang,Yunnan
838,2023.035607,Zhejiang,Taiwan
839,2022.9699970000001,Zhejiang,Hainan
840,2022.997247,Hainan,Guangxi
841,2023.2657470000001,Zhejiang,Jiangsu
842,2023.1561570000001,Zhejiang,Shandong
843,2023.260267,Zhejiang,Hubei
844,2023.0136870000001,Zhejiang,Taiwan
845,2023.1561570000001,Taiwan,Hainan
846,2022.926017,Zhejiang,Shanghai
847,2022.922247,Zhejiang,Taiwan
848,2023.139727,Taiwan,Hainan
849,2023.147937,Taiwan,Hubei
850,2023.235607,Taiwan,Yunnan
851,2022.9700070000001,Taiwan,Shandong
852,2023.063597,Shandong,Zhejiang
853,2023.1424570000001,Zhejiang,Guangdong
854,2023.1440770000002,Shandong,Chongqing
855,2023.022827,Shandong,Yunnan
856,2023.1808170000002,Yunnan,Shaanxi
857,2023.076067,Yunnan,Hebei
858,2023.098627,Hebei,Shandong
859,2023.139727,Shandong,Hainan
860,2022.994507,Jiangsu,Henan
861,2022.9999870000001,Jiangsu,Anhui
862,2023.008197,Jiangsu,Jiangxi
863,2022.925757,Jiangsu,Jiangxi
864,2023.1177870000001,Jiangxi,Anhui
865,2023.2602570000001,Jiangxi,Fujian
866,2023.008207,Jiangxi,Hubei
867,2023.016417,Jiangsu,Shanghai
868,2022.9351470000001,Jiangsu,Fujian
869,2022.951787,Jiangsu,Guizhou
870,2023.002707,Guizhou,Hunan
871,2022.964357,Jiangsu,Jiangxi
872,2022.964357,Jiangsu,Hainan
873,2022.972577,Jiangsu,Guangxi
874,2022.978047,Jiangsu,Guizhou
875,2022.9232570000001,Jiangsu,Shanghai
876,2022.9944970000001,Jiangsu,Inner Mongolia
877,2022.9944970000001,Jiangsu,Henan
878,2022.992727,Jiangsu,Henan
879,2023.254777,Henan,Anhui
880,2022.997237,Jiangsu,Shanghai
881,2023.1890170000001,Shanghai,Jiangsu
882,2022.981237,Jiangsu,Guangxi
883,2022.9999870000001,Jiangsu,Hainan
884,2023.002727,Jiangsu,Hunan
885,2023.0136770000001,Jiangsu,Shandong
886,2023.0136770000001,Jiangsu,Shanghai
887,2022.984617,Jiangsu,Hainan
888,2023.155017,Jiangsu,Hubei
889,2023.235597,Hubei,Henan
890,2023.290387,Henan,Hubei
891,2023.172577,Jiangsu,Guangdong
892,2023.030117,Jiangsu,Heilongjiang
893,2023.030117,Jiangsu,Shaanxi
894,2023.010047,Jiangsu,Hebei
895,2023.038337,Jiangsu,Guizhou
896,2023.2273770000002,Jiangsu,Henan
897,2023.049297,Jiangsu,Heilongjiang
898,2023.049287,Jiangsu,Hainan
899,2023.213817,Jiangsu,Shanghai
900,2023.1561370000002,Jiangsu,Henan
901,2023.158887,Jiangsu,Yunnan
902,2023.2657370000002,Jiangsu,Yunnan
903,2023.0712170000002,Jiangsu,Hainan
904,2023.095877,Jiangsu,Shaanxi
905,2023.112317,Jiangsu,Xinjiang
906,2023.249297,Jiangsu,Jiangxi
907,2023.134207,Jiangsu,Anhui
908,2023.134237,Jiangsu,Hebei
909,2023.167107,Jiangsu,Heilongjiang
910,2022.978987,Jiangsu,Guangxi
911,2022.983547,Guangxi,Hunan
912,2022.9926870000002,Guangxi,Jiangsu
913,2022.994507,Jiangsu,Henan
914,2023.0054670000002,Jiangsu,Shaanxi
915,2023.008197,Jiangsu,Hainan
916,2023.0136770000001,Jiangsu,Hunan
917,2023.016417,Jiangsu,Guangxi
918,2023.030117,Jiangsu,Inner Mongolia
919,2023.035597,Jiangsu,Hunan
920,2023.060257,Jiangsu,Hainan
921,2023.093137,Hainan,Zhejiang
922,2023.106837,Zhejiang,Shaanxi
923,2023.178237,Shaanxi,Anhui
924,2023.257527,Anhui,Henan
925,2023.260267,Anhui,Jiangxi
926,2023.4221770000001,Hong Kong,Shanghai
927,2023.386947,Hong Kong,Shanghai
928,2023.150677,Hong Kong,Guangdong
929,2023.150677,Hong Kong,Guangdong
930,2023.131497,Hong Kong,Guangdong
931,2022.563447,Hong Kong,Taiwan
932,2023.054587,Taiwan,Hong Kong
933,2022.907557,Hong Kong,Yunnan
934,2023.347947,Hong Kong,Yunnan
935,2023.273967,Hong Kong,Shanghai
936,2022.694907,Hong Kong,Shanghai
937,2023.3095970000002,Hong Kong,Shanghai
938,2023.202777,Hong Kong,Shanghai
939,2022.950687,Hong Kong,Shanghai
940,2022.786837,Hong Kong,Shanghai
941,2022.9231770000001,Shanghai,Taiwan
942,2023.5698670000002,Taiwan,Shanghai
943,2023.2210770000002,Taiwan,Shanghai
944,2023.013697,Hong Kong,Jilin
945,2022.679547,Hong Kong,Shandong
946,2023.204707,Shandong,Anhui
947,2022.547237,Hong Kong,Taiwan
948,2023.238977,Hong Kong,Jiangsu
949,2023.294817,Hong Kong,Sichuan
950,2023.334247,Sichuan,Shanghai
951,2022.950687,Hong Kong,Shanghai
952,2022.935937,Hong Kong,Shanghai
953,2022.926017,Hong Kong,Yunnan
954,2022.928767,Hong Kong,Yunnan
955,2023.0849170000001,Hong Kong,Guangdong
956,2023.159637,Hong Kong,Fujian
957,2023.121547,Hong Kong,Zhejiang
958,2022.812967,Hong Kong,Guangdong
959,2022.9863070000001,Guangdong,Hong Kong
960,2022.4313570000002,Hong Kong,Guangxi
961,2022.852187,Guangxi,Hong Kong
962,2022.562617,Guangxi,Yunnan
963,2022.961637,Yunnan,Shanghai
964,2023.0449270000001,Yunnan,Jiangsu
965,2022.5377070000002,Guangxi,Taiwan
966,2022.9671170000001,Taiwan,Shanghai
967,2023.2986270000001,Taiwan,Shanghai
968,2023.1331870000001,Guangxi,Zhejiang
969,2023.3369770000002,Zhejiang,Sichuan
970,2022.954447,Guangxi,Shanghai
971,2023.249297,Shanghai,Jiangsu
972,2022.646007,Guangxi,Taiwan
973,2022.9287570000001,Taiwan,Guangxi
974,2023.191777,Taiwan,Hong Kong
975,2022.466957,Hong Kong,Yunnan
976,2022.669147,Yunnan,Jilin
977,2023.320547,Jilin,Guangdong
978,2022.975347,Yunnan,Jilin
979,2022.9862970000001,Yunnan,Shandong
980,2023.320547,Yunnan,Shanghai
981,2023.165587,Yunnan,Hong Kong
982,2022.632987,Yunnan,Guangdong
983,2022.745087,Guangdong,Jilin
984,2023.3616470000002,Guangdong,Hong Kong
985,2022.5324070000001,Yunnan,Taiwan
986,2022.895097,Taiwan,Yunnan
987,2022.6493070000001,Taiwan,Yunnan
988,2022.994517,Yunnan,Jilin
989,2023.066387,Taiwan,Shanghai
990,2023.3698570000001,Shanghai,Fujian
991,2023.3506770000001,Shanghai,Fujian
992,2023.361637,Shanghai,Fujian
993,2023.4547870000001,Taiwan,Shanghai
994,2023.1415470000002,Taiwan,Jiangsu
995,2023.460287,Jiangsu,Shanghai
996,2023.248757,Jiangsu,Yunnan
997,2023.271077,Jiangsu,Jiangxi
998,2022.961637,Taiwan,Hong Kong
999,2023.2794470000001,Taiwan,Liaoning
1000,2023.3575070000002,Taiwan,Fujian
1001,2023.309587,Taiwan,Hong Kong
1002,2022.7867370000001,Taiwan,Shanghai
1003,2023.347947,Shanghai,Jiangxi
1004,2023.3561670000001,Shanghai,Beijing
1005,2023.353427,Shanghai,Guangdong
1006,2023.124917,Shanghai,Hong Kong
1007,2023.262657,Hong Kong,Jiangxi
1008,2023.347937,Jiangxi,Yunnan
1009,2023.364387,Hong Kong,Yunnan
1010,2023.091877,Shanghai,Jiangsu
1011,2023.303187,Shanghai,Beijing
1012,2023.118617,Shanghai,Jiangsu
1013,2023.142167,Shanghai,Sichuan
1014,2023.2763670000002,Sichuan,Shanghai
1015,2023.435617,Shanghai,Sichuan
1016,2023.3561670000001,Sichuan,Shanghai
1017,2023.247317,Sichuan,Yunnan
1018,2023.367117,Yunnan,Gansu
1019,2023.3369870000001,Yunnan,Hubei
1020,2023.416447,Sichuan,Yunnan
1021,2023.3561670000001,Sichuan,Yunnan
1022,2023.501377,Sichuan,Xinjiang
1023,2023.397267,Sichuan,Gansu
1024,2023.452057,Sichuan,Shanghai
1025,2023.3424670000002,Sichuan,Jiangsu
1026,2023.350687,Sichuan,Hubei
1027,2023.4986270000002,Sichuan,Xinjiang
1028,2023.350687,Sichuan,Hubei
1029,2023.405477,Sichuan,Yunnan
1030,2023.339717,Sichuan,Shanghai
1031,2023.386297,Shanghai,Gansu
1032,2023.3038470000001,Sichuan,Yunnan
1033,2023.457617,Yunnan,Xinjiang
1034,2023.041997,Taiwan,Liaoning
1035,2023.2015270000002,Liaoning,Fujian
1036,2023.320547,Fujian,Liaoning
1037,2023.326027,Fujian,Hubei
1038,2023.553417,Fujian,Xinjiang
1039,2023.471227,Fujian,Heilongjiang
1040,2023.238477,Fujian,Jiangsu
1041,2023.326017,Jiangsu,Beijing
1042,2023.468487,Jiangsu,Heilongjiang
1043,2023.328757,Jiangsu,Beijing
1044,2023.380807,Jiangsu,Yunnan
1045,2023.367117,Jiangsu,Yunnan
1046,2023.430127,Jiangsu,Henan
1047,2023.3753370000002,Jiangsu,Anhui
1048,2023.556157,Jiangsu,Xinjiang
1049,2023.358897,Liaoning,Fujian
1050,2023.3890370000001,Liaoning,Shanxi
1051,2023.471227,Liaoning,Heilongjiang
1052,2023.331507,Liaoning,Hubei
1053,2023.364387,Liaoning,Shanxi
1054,2023.438357,Liaoning,Yunnan
1055,2023.2555670000002,Liaoning,Yunnan
1056,2023.328767,Yunnan,Hubei
1057,2023.3890370000001,Hubei,Shanxi
1058,2023.509587,Shanxi,Xinjiang
1059,2023.3890370000001,Liaoning,Shanxi
1060,2023.3506770000001,Liaoning,Jiangxi
1061,2023.5123270000001,Liaoning,Xinjiang
1062,2023.386297,Liaoning,Shanxi
1063,2023.342967,Liaoning,Hubei
1064,2023.457537,Hubei,Xinjiang
1065,2023.471237,Hubei,Xinjiang
1066,2023.4931470000001,Liaoning,Xinjiang
1067,2023.432877,Liaoning,Shanghai
1068,2023.397257,Liaoning,Heilongjiang
1069,2023.1474070000002,Liaoning,Beijing
1070,2023.386297,Beijing,Jiangxi
1071,2023.410957,Beijing,Heilongjiang
1072,2023.515067,Beijing,Shanghai
1073,2023.399997,Beijing,Shanghai
1074,2023.572607,Beijing,Shanghai
1075,2023.347947,Beijing,Jiangxi
1076,2023.400007,Beijing,Henan
1077,2023.430137,Beijing,Shanghai
1078,2023.2265670000002,Beijing,Shanghai
1079,2023.3369870000001,Shanghai,Anhui
1080,2023.287587,Shanghai,Sichuan
1081,2023.367117,Sichuan,Fujian
1082,2023.378087,Beijing,Heilongjiang
1083,2023.232107,Beijing,Hubei
1084,2023.3945170000002,Hubei,Heilongjiang
1085,2023.3945170000002,Hubei,Jiangxi
1086,2023.397257,Hubei,Henan
1087,2023.471237,Hubei,Henan
1088,2023.2554770000002,Hubei,Fujian
1089,2023.449317,Fujian,Henan
1090,2023.378077,Fujian,Jiangsu
1091,2023.2849370000001,Fujian,Hubei
1092,2023.397257,Hubei,Jiangxi
1093,2023.4027370000001,Hubei,Yunnan
1094,2023.413697,Hubei,Jiangxi
1095,2023.299677,Hubei,Sichuan
1096,2023.435617,Sichuan,Heilongjiang
1097,2023.315067,Sichuan,Shanghai
1098,2023.320547,Shanghai,Hubei
1099,2023.331507,Hubei,Jiangxi
1100,2023.337907,Hubei,Sichuan
1101,2023.3424670000002,Sichuan,Anhui
1102,2023.397257,Anhui,Henan
1103,2022.193397,Hong Kong,Shanghai
1104,2022.766427,Shanghai,Yunnan
1105,2023.345197,Yunnan,Beijing
1106,2023.347937,Yunnan,Jiangxi
1107,2023.3177970000002,Yunnan,Guangdong
1108,2023.134567,Yunnan,Beijing
1109,2023.339717,Beijing,Guangdong
1110,2023.4547870000001,Beijing,Fujian
1111,2023.3369870000001,Yunnan,Guangdong
1112,2023.3369870000001,Yunnan,Guangdong
1113,2023.789037,Yunnan,Shanghai
1114,2023.2890670000002,Yunnan,Guangdong
1115,2023.616447,Guangdong,Shanghai
1116,2023.383057,Yunnan,Taiwan
1117,2023.033797,Yunnan,Zhejiang
1118,2023.3369870000001,Zhejiang,Anhui
1119,2023.2520470000002,Zhejiang,Shanghai
1120,2023.438347,Zhejiang,Fujian
1121,2023.223287,Zhejiang,Beijing
1122,2023.315067,Zhejiang,Anhui
1123,2023.684927,Yunnan,Shanghai
1124,2023.468497,Yunnan,Shanghai
1125,2023.268497,Yunnan,Shanghai
1126,2023.115097,Yunnan,Fujian
1127,2023.471107,Fujian,Anhui
1128,2023.219297,Fujian,Taiwan
1129,2023.3424670000002,Fujian,Shanghai
1130,2023.5369970000002,Fujian,Shanghai
1131,2022.827917,Yunnan,Taiwan
1132,2023.306837,Taiwan,Beijing
1133,2023.364377,Taiwan,Jiangxi
1134,2023.2986170000001,Taiwan,Yunnan
1135,2023.2240370000002,Taiwan,Hong Kong
1136,2023.2986170000001,Hong Kong,Guangdong
1137,2023.339717,Hong Kong,Jiangxi
1138,2023.416427,Taiwan,Yunnan
1139,2023.4355970000001,Taiwan,Fujian
1140,2023.536967,Taiwan,Anhui
1141,2023.446557,Taiwan,Fujian
1142,2023.143427,Shanghai,Henan
1143,2023.410957,Henan,Qinghai
1144,2023.361637,Henan,Shanxi
1145,2023.2520470000002,Henan,Beijing
1146,2023.306747,Henan,Shanxi
1147,2022.848557,Shanghai,Beijing
1148,2023.282197,Beijing,Zhejiang
1149,2023.383557,Beijing,Hong Kong
1150,2023.473977,Beijing,Heilongjiang
1151,2023.1479470000002,Shanghai,Guangdong
1152,2022.985287,Shanghai,Yunnan
1153,2023.0054870000001,Shanghai,Yunnan
1154,2023.2657570000001,Shanghai,Jiangsu
1155,2023.3890470000001,Shanghai,Jiangxi
1156,2023.2849370000001,Shanghai,Jiangsu
1157,2023.315067,Shanghai,Guangdong
1158,2023.306847,Shanghai,Jiangsu
1159,2023.0524870000002,Shanghai,Guangdong
1160,2023.347947,Guangdong,Jiangxi
1161,2023.347947,Guangdong,Jiangxi
1162,2023.3753370000002,Guangdong,Shanghai
1163,2023.3561670000001,Guangdong,Jiangxi
1164,2023.3232870000002,Guangdong,Shanghai
1165,2022.553997,Shanghai,Jiangsu
1166,2023.5561770000002,Jiangsu,Henan
1167,2023.554357,Jiangsu,Henan
1168,2023.0919470000001,Jiangsu,Anhui
1169,2023.5945370000002,Anhui,Shanghai
1170,2023.495907,Anhui,Shanghai
1171,2023.274897,Anhui,Jiangsu
1172,2023.4328870000002,Jiangsu,Fujian
1173,2023.155817,Anhui,Jiangsu
1174,2023.460287,Jiangsu,Fujian
1175,2023.2504270000002,Jiangsu,Yunnan
1176,2023.5698670000002,Yunnan,Fujian
1177,2023.471237,Yunnan,Jiangsu
1178,2023.495897,Anhui,Jiangsu
1179,2023.248047,Anhui,Jiangsu
1180,2023.564397,Jiangsu,Henan
1181,2023.386317,Jiangsu,Shanghai
1182,2023.564397,Jiangsu,Shanghai
1183,2023.591797,Jiangsu,Fujian
1184,2023.287597,Anhui,Jiangsu
1185,2023.495907,Jiangsu,Shanghai
1186,2023.3945370000001,Anhui,Jiangsu
1187,2023.473987,Anhui,Fujian
1188,2023.567137,Anhui,Shanghai
1189,2023.578097,Anhui,Fujian
1190,2023.454807,Anhui,Fujian
1191,2023.630147,Anhui,Shanghai
1192,2023.3753570000001,Anhui,Shanghai
1193,2023.487687,Shanghai,Jiangsu
1194,2023.476717,Anhui,Jiangsu
1195,2023.424657,Anhui,Fujian
1196,2023.490417,Anhui,Jiangsu
1197,2023.120557,Jiangsu,Taiwan
1198,2023.1726170000002,Jiangsu,Hubei
1199,2022.946207,Jiangsu,Guangdong
1200,2023.1248170000001,Guangdong,Hong Kong
1201,2023.3561770000001,Guangdong,Heilongjiang
1202,2023.312347,Guangdong,Henan
1203,2023.421927,Jiangsu,Anhui
1204,2023.4328870000002,Jiangsu,Heilongjiang
1205,2023.194537,Jiangsu,Zhejiang
1206,2023.139737,Jiangsu,Beijing
1207,2023.334257,Jiangsu,Hong Kong
1208,2023.210967,Jiangsu,Inner Mongolia
1209,2023.291647,Jiangsu,Guangdong
1210,2023.331527,Guangdong,Anhui
1211,2022.9427070000002,Jiangsu,Inner Mongolia
1212,2022.957337,Jiangsu,Shanxi
1213,2023.172827,Shanxi,Heilongjiang
1214,2023.4000170000002,Heilongjiang,Anhui
1215,2023.528777,Jiangsu,Anhui
1216,2023.386307,Jiangsu,Shanghai
1217,2023.317817,Jiangsu,Beijing
1218,2023.353437,Jiangsu,Yunnan
1219,2023.397267,Jiangsu,Yunnan
1220,2023.372617,Jiangsu,Jiangxi
1221,2023.298637,Jiangsu,Anhui
1222,2023.232267,Jiangsu,Shanghai
1223,2023.320557,Jiangsu,Hubei
1224,2023.2520570000001,Jiangsu,Anhui
1225,2023.345217,Jiangsu,Fujian
1226,2023.402747,Jiangsu,Heilongjiang
1227,2023.223117,Jiangsu,Yunnan
1228,2023.432877,Yunnan,Fujian
1229,2023.416447,Jiangsu,Henan
1230,2023.331517,Jiangsu,Anhui
1231,2023.2044270000001,Jiangsu,Sichuan
1232,2023.250747,Sichuan,Anhui
1233,2023.4000170000002,Anhui,Henan
1234,2023.3155470000002,Anhui,Sichuan
1235,2023.339727,Sichuan,Beijing
1236,2023.182427,Jiangsu,Jiangxi
1237,2023.4520670000002,Jiangxi,Hubei
1238,2023.545217,Jiangxi,Anhui
1239,2023.258377,Jiangxi,Hubei
1240,2023.495897,Hubei,Jiangsu
1241,2023.624667,Hubei,Shanghai
1242,2023.367137,Hubei,Yunnan
1243,2023.4137170000001,Jiangsu,Heilongjiang
1244,2023.473987,Jiangsu,Hubei
1245,2023.400627,Jiangsu,Shanghai
1246,2023.449327,Jiangsu,Henan
1247,2023.449327,Jiangsu,Anhui
1248,2023.397277,Jiangsu,Heilongjiang
1249,2023.186807,Jiangsu,Hubei
1250,2023.353437,Hubei,Jiangxi
1251,2023.438367,Hubei,Yunnan
1252,2023.397277,Hubei,Xinjiang
1253,2023.282797,Hubei,Fujian
1254,2023.441117,Fujian,Shanghai
1255,2023.3096170000001,Fujian,Beijing
1256,2023.345237,Beijing,Sichuan
1257,2023.591797,Jiangsu,Yunnan
1258,2023.534257,Jiangsu,Anhui
1259,2023.3945270000002,Jiangsu,Jiangxi
1260,2023.3095970000002,Jiangsu,Shanghai
1261,2023.3183370000002,Shanghai,Hubei
1262,2023.397267,Hubei,Jiangxi
1263,2023.4137070000002,Hubei,Fujian
1264,2023.553437,Fujian,Yunnan
1265,2023.345207,Hubei,Yunnan
1266,2023.228507,Jiangsu,Hubei
1267,2023.307377,Hubei,Yunnan
1268,2023.421937,Yunnan,Anhui
1269,2023.345217,Hubei,Beijing
1270,2023.347947,Hubei,Sichuan
1271,2023.435627,Hubei,Xinjiang
1272,2023.301297,Hubei,Henan
1273,2023.438357,Henan,Xinjiang
1274,2023.3159870000002,Henan,Beijing
1275,2023.4602770000001,Beijing,Fujian
1276,2023.410957,Beijing,Henan
1277,2023.515067,Henan,Jiangsu
1278,2023.3232970000001,Jiangsu,Guangdong
1279,2023.180837,Jiangsu,Hubei
1280,2023.205077,Jiangsu,Anhui
1281,2023.320557,Anhui,Liaoning
1282,2023.1681170000002,Jiangsu,Guangdong
1283,2023.4000170000002,Guangdong,Hong Kong
1284,2023.3238370000001,Jiangsu,Shanghai
1285,2023.349337,Jiangsu,Hong Kong
1286,2023.473987,Jiangsu,Hong Kong
1287,2023.043707,Jiangsu,Heilongjiang
1288,2023.336997,Heilongjiang,Liaoning
1289,2023.104127,Jiangsu,Zhejiang
1290,2023.378097,Jiangsu,Anhui
1291,2023.164957,Jiangsu,Qinghai
1292,2023.630147,Qinghai,Gansu
1293,2023.4613470000002,Qinghai,Gansu
1294,2023.4000170000002,Jiangsu,Shanghai
1295,2023.457547,Jiangsu,Shanghai
1296,2023.4712470000002,Jiangsu,Shanghai
1297,2023.386307,Jiangsu,Xinjiang
1298,2023.438367,Xinjiang,Shanghai
1299,2022.751037,Jiangsu,Shanghai
1300,2022.6727170000001,Jiangsu,Zhejiang
1301,2023.1534370000002,Zhejiang,Taiwan
1302,2023.077737,Zhejiang,Guangdong
1303,2023.304127,Zhejiang,Liaoning
1304,2023.126047,Zhejiang,Taiwan
1305,2022.935447,Zhejiang,Shanghai
1306,2023.175357,Shanghai,Guangdong
1307,2023.117437,Shanghai,Zhejiang
1308,2022.713737,Zhejiang,Guangdong
1309,2023.249327,Guangdong,Jiangsu
1310,2023.180837,Guangdong,Beijing
1311,2022.8720070000002,Guangdong,Taiwan
1312,2023.326047,Guangdong,Hong Kong
1313,2023.3287870000001,Guangdong,Anhui
1314,2023.317827,Guangdong,Hong Kong
1315,2023.2388270000001,Guangdong,Shanghai
1316,2023.108757,Guangdong,Jiangxi
1317,2023.166367,Guangdong,Anhui
1318,2023.331527,Anhui,Jiangsu
1319,2023.3616670000001,Anhui,Shanxi
1320,2023.397277,Anhui,Qinghai
1321,2023.405497,Anhui,Henan
1322,2023.070647,Guangdong,Jiangsu
1323,2023.400007,Jiangsu,Henan
1324,2023.391797,Jiangsu,Heilongjiang
1325,2023.4328870000002,Jiangsu,Heilongjiang
1326,2023.345217,Jiangsu,Guangdong
1327,2023.402757,Jiangsu,Henan
1328,2023.0998570000002,Guangdong,Henan
1329,2023.227407,Henan,Sichuan
1330,2023.1927070000002,Henan,Sichuan
1331,2023.317817,Sichuan,Henan
1332,2023.151627,Shanghai,Yunnan
1333,2023.490417,Shanghai,Taiwan
1334,2023.075257,Shanghai,Taiwan
1335,2023.4931470000001,Shanghai,Taiwan
1336,2022.943087,Shanghai,Hubei
1337,2023.421927,Hubei,Yunnan
1338,2023.350687,Hubei,Anhui
1339,2023.619187,Hubei,Fujian
1340,2023.315887,Hubei,Guangdong
1341,2023.553437,Guangdong,Yunnan
1342,2023.345207,Hubei,Guangdong
1343,2023.345207,Hubei,Anhui
1344,2023.339737,Hubei,Jiangxi
1345,2023.4328870000002,Hubei,Sichuan
1346,2023.1210270000001,Hubei,Sichuan
1347,2023.5178070000002,Sichuan,Fujian
1348,2023.399997,Sichuan,Hubei
1349,2023.630137,Sichuan,Hubei
1350,2023.391787,Sichuan,Anhui
1351,2023.468507,Sichuan,Henan
1352,2023.369867,Sichuan,Yunnan
1353,2023.5890470000002,Sichuan,Yunnan
1354,2023.5835670000001,Sichuan,Yunnan
1355,2023.3424770000001,Sichuan,Guangdong
1356,2023.4082170000001,Sichuan,Henan
1357,2023.413697,Sichuan,Jiangxi
1358,2023.334037,Sichuan,Jiangxi
1359,2023.539717,Jiangxi,Fujian
1360,2023.553417,Jiangxi,Fujian
1361,2023.590357,Sichuan,Fujian
1362,2023.5562770000001,Sichuan,Fujian
1363,2023.520537,Sichuan,Fujian
1364,2023.410947,Sichuan,Yunnan
1365,2023.335147,Sichuan,Anhui
1366,2023.620157,Anhui,Gansu
1367,2023.528757,Anhui,Fujian
1368,2023.354327,Anhui,Beijing
1369,2023.159227,Hubei,Shanghai
1370,2023.233367,Shanghai,Jiangxi
1371,2023.523277,Jiangxi,Xinjiang
1372,2023.515057,Jiangxi,Henan
1373,2023.208987,Shanghai,Jiangsu
1374,2023.6547970000001,Jiangsu,Yunnan
1375,2023.454797,Jiangsu,Anhui
1376,2023.473977,Jiangsu,Anhui
1377,2023.347947,Jiangsu,Anhui
1378,2023.6410970000002,Jiangsu,Sichuan
1379,2023.619187,Jiangsu,Sichuan
1380,2023.430147,Jiangsu,Henan
1381,2023.6274070000002,Jiangsu,Yunnan
1382,2023.556167,Jiangsu,Xinjiang
1383,2023.430137,Jiangsu,Henan
1384,2023.682197,Jiangsu,Hubei
1385,2023.610967,Hubei,Sichuan
1386,2023.358907,Hubei,Beijing
1387,2023.509597,Hubei,Xinjiang
1388,2023.5835670000001,Hubei,Henan
1389,2023.5178170000002,Hubei,Xinjiang
1390,2023.154127,Hubei,Yunnan
1391,2023.347947,Yunnan,Anhui
1392,2023.646577,Yunnan,Fujian
1393,2023.347947,Yunnan,Jiangxi
1394,2023.3424670000002,Hubei,Jiangxi
1395,2023.347947,Hubei,Guangdong
1396,2023.3561670000001,Hubei,Beijing
1397,2023.3146470000002,Hubei,Yunnan
1398,2023.365677,Yunnan,Henan
1399,2023.4931470000001,Yunnan,Xinjiang
1400,2023.359797,Hubei,Henan
1401,2023.679457,Henan,Hubei
1402,2023.432877,Henan,Anhui
1403,2023.352137,Hubei,Gansu
1404,2023.591787,Gansu,Henan
1405,2023.632887,Hubei,Yunnan
1406,2023.594527,Hubei,Henan
1407,2023.547957,Hubei,Sichuan
1408,2023.547957,Hubei,Fujian
1409,2023.586317,Hubei,Yunnan
1410,2023.657547,Hubei,Fujian
1411,2023.624667,Hubei,Anhui
1412,2023.339737,Hubei,Jiangxi
1413,2023.226367,Hubei,Anhui
1414,2023.334247,Anhui,Yunnan
1415,2023.3424770000001,Hubei,Shanghai
1416,2023.3616570000002,Hubei,Anhui
1417,2023.443847,Hubei,Yunnan
1418,2023.342767,Hubei,Shanxi
1419,2023.6219270000001,Hubei,Fujian
1420,2023.298417,Hubei,Sichuan
1421,2023.6082270000002,Sichuan,Shanghai
1422,2023.7068570000001,Sichuan,Shanghai
1423,2023.378087,Hubei,Sichuan
1424,2023.454807,Hubei,Henan
1425,2023.4520670000002,Hubei,Heilongjiang
1426,2023.410967,Hubei,Heilongjiang
1427,2023.515077,Hubei,Jiangsu
1428,2023.473987,Hubei,Shanxi
1429,2023.512347,Hubei,Shanxi
1430,2023.6411170000001,Hubei,Yunnan
1431,2023.443857,Hubei,Zhejiang
1432,2023.487687,Hubei,Jiangsu
1433,2023.476727,Hubei,Shanxi
1434,2023.676727,Hubei,Fujian
1435,2023.473987,Hubei,Heilongjiang
1436,2023.364397,Hubei,Sichuan
1437,2023.438367,Hubei,Zhejiang
1438,2023.2313570000001,Hubei,Jiangxi
1439,2023.400007,Hubei,Sichuan
1440,2023.3247270000002,Hubei,Henan
1441,2023.443847,Hubei,Zhejiang
1442,2023.339737,Hubei,Jiangxi
1443,2023.665767,Jiangxi,Sichuan
1444,2023.5178170000002,Hubei,Sichuan
1445,2023.6794670000002,Hubei,Sichuan
1446,2023.4082270000001,Hubei,Yunnan
1447,2023.370537,Hubei,Yunnan
1448,2023.690417,Yunnan,Sichuan
1449,2023.5123370000001,Yunnan,Xinjiang
1450,2023.704117,Xinjiang,Sichuan
1451,2023.580827,Hubei,Shanghai
1452,2023.5041170000002,Hubei,Jiangsu
1453,2023.223017,Hubei,Jiangsu
1454,2023.358907,Hubei,Yunnan
1455,2023.435617,Hubei,Heilongjiang
1456,2023.432877,Hubei,Anhui
1457,2023.542467,Hubei,Henan
1458,2023.482197,Hubei,Xinjiang
1459,2023.605487,Hubei,Henan
1460,2023.473977,Hubei,Xinjiang
1461,2023.386307,Hubei,Fujian
1462,2023.4356070000001,Hubei,Fujian
1463,2023.476707,Hubei,Xinjiang
1464,2023.515057,Hubei,Sichuan
1465,2023.580817,Hubei,Henan
1466,2023.329657,Hubei,Jiangsu
1467,2023.487667,Jiangsu,Henan
1468,2023.624657,Jiangsu,Anhui
1469,2023.250677,Hubei,Jiangsu
1470,2023.4082170000001,Jiangsu,Heilongjiang
1471,2023.4931470000001,Jiangsu,Fujian
1472,2023.438357,Jiangsu,Zhejiang
1473,2023.5164670000001,Jiangsu,Xinjiang
1474,2023.4410970000001,Jiangsu,Zhejiang
1475,2023.2383570000002,Hubei,Anhui
1476,2023.3616470000002,Hubei,Yunnan
1477,2023.285217,Hubei,Shanghai
1478,2023.3232870000002,Shanghai,Jiangsu
1479,2023.430137,Jiangsu,Shanghai
1480,2023.454797,Hubei,Zhejiang
1481,2023.399997,Hubei,Jiangxi
1482,2023.383567,Hubei,Yunnan
1483,2023.471237,Hubei,Heilongjiang
1484,2023.380817,Hubei,Jiangxi
1485,2023.449317,Hubei,Sichuan
1486,2023.605487,Hubei,Yunnan
1487,2023.378087,Hubei,Jiangxi
1488,2023.5178070000002,Hubei,Xinjiang
1489,2023.772607,Hubei,Shanghai
1490,2023.553427,Hubei,Sichuan
1491,2023.457537,Hubei,Yunnan
1492,2023.586297,Hubei,Anhui
1493,2023.534247,Hubei,Shanxi
1494,2023.4137070000002,Hubei,Shanxi
1495,2023.5835670000001,Hubei,Fujian
1496,2023.416437,Hubei,Heilongjiang
1497,2023.5123270000001,Hubei,Anhui
1498,2023.364387,Shanghai,Jiangsu
1499,2023.400007,Shanghai,Henan
1500,2023.320557,Shanghai,Guangdong
1501,2023.317817,Shanghai,Hubei
1502,2023.254807,Shanghai,Anhui
1503,2023.3424770000001,Shanghai,Guangdong
1504,2023.652067,Shanghai,Fujian
1505,2023.594527,Shanghai,Taiwan
1506,2023.2114370000002,Shanghai,Sichuan
1507,2023.297777,Sichuan,Xinjiang
1508,2023.113967,Shanghai,Hubei
1509,2023.416447,Hubei,Heilongjiang
1510,2023.449327,Hubei,Sichuan
1511,2023.3616570000002,Hubei,Gansu
1512,2023.326037,Shanghai,Hong Kong
1513,2023.105377,Shanghai,Shanxi
1514,2023.424657,Shanxi,Heilongjiang
1515,2023.490417,Shanghai,Anhui
1516,2023.369867,Shanghai,Hong Kong
1517,2023.1255370000001,Shanghai,Hubei
1518,2023.3753470000001,Hubei,Heilongjiang
1519,2023.6931570000002,Hubei,Sichuan
1520,2023.490417,Hubei,Xinjiang
1521,2023.435617,Hubei,Gansu
1522,2023.528767,Hubei,Guizhou
1523,2023.350687,Hubei,Beijing
1524,2023.473977,Hubei,Henan
1525,2023.358897,Hubei,Shanxi
1526,2023.501377,Hubei,Jiangsu
1527,2023.605487,Hubei,Sichuan
1528,2023.416447,Shanghai,Heilongjiang
1529,2023.386307,Shanghai,Jiangsu
1530,2023.353437,Shanghai,Jiangsu
1531,2023.421927,Shanghai,Sichuan
1532,2023.397267,Shanghai,Sichuan
1533,2023.3945270000002,Shanghai,Heilongjiang
1534,2023.4712470000002,Shanghai,Sichuan
1535,2023.457547,Shanghai,Heilongjiang
1536,2023.289507,Shanghai,Yunnan
1537,2023.4328870000002,Yunnan,Heilongjiang
1538,2023.386307,Yunnan,Sichuan
1539,2023.3232870000002,Yunnan,Beijing
1540,2023.3479570000002,Shanghai,Yunnan
1541,2023.386307,Shanghai,Sichuan
1542,2023.468507,Shanghai,Heilongjiang
1543,2023.3945270000002,Shanghai,Jiangsu
1544,2023.313267,Shanghai,Beijing
1545,2023.4000170000002,Beijing,Yunnan
1546,2023.327467,Beijing,Shanghai
1547,2023.435627,Shanghai,Heilongjiang
1548,2023.353437,Shanghai,Sichuan
1549,2023.369877,Sichuan,Jiangsu
1550,2023.372617,Sichuan,Yunnan
1551,2023.435627,Yunnan,Sichuan
1552,2023.441107,Sichuan,Heilongjiang
1553,2022.938967,Shanghai,Anhui
1554,2023.345217,Anhui,Qinghai
1555,2023.315077,Anhui,Guangdong
1556,2023.195967,Anhui,Henan
1557,2023.457547,Henan,Gansu
1558,2023.2609670000002,Henan,Liaoning
1559,2023.438367,Anhui,Hubei
1560,2023.301377,Anhui,Yunnan
1561,2023.386307,Yunnan,Gansu
1562,2023.306857,Anhui,Henan
1563,2023.3890470000001,Anhui,Shanxi
1564,2023.3472370000002,Anhui,Heilongjiang
1565,2023.599997,Anhui,Taiwan
1566,2023.463007,Anhui,Shanxi
1567,2023.3424770000001,Anhui,Zhejiang
1568,2023.3753470000001,Anhui,Jiangxi
1569,2023.454807,Anhui,Zhejiang
1570,2023.3287770000002,Anhui,Jiangxi
1571,2023.509597,Anhui,Fujian
1572,2023.2269370000001,Anhui,Hubei
1573,2023.305757,Hubei,Qinghai
1574,2023.328387,Hubei,Zhejiang
1575,2023.5945370000002,Hubei,Yunnan
1576,2023.3753570000001,Hubei,Qinghai
1577,2023.558917,Hubei,Guizhou
1578,2023.337487,Hubei,Shanghai
1579,2023.723307,Shanghai,Sichuan
1580,2023.445697,Shanghai,Sichuan
1581,2023.410977,Shanghai,Henan
1582,2023.3287870000001,Shanghai,Guangdong
1583,2023.320567,Shanghai,Hong Kong
1584,2022.9793670000001,Shanghai,Taiwan
1585,2023.5123370000001,Taiwan,Yunnan
1586,2023.315077,Taiwan,Jiangsu
1587,2023.339907,Shanghai,Guangdong
1588,2023.583577,Guangdong,Xinjiang
1589,2023.4383770000002,Guangdong,Hong Kong
1590,2023.193927,Shanghai,Zhejiang
1591,2023.254807,Zhejiang,Anhui
1592,2023.345217,Shanghai,Guangdong
1593,2023.4274070000001,Shanghai,Yunnan
1594,2023.2090970000002,Shanghai,Guangdong
1595,2023.3808470000001,Guangdong,Jiangsu
1596,2023.4712570000002,Guangdong,Jiangsu
1597,2023.356187,Guangdong,Hong Kong
1598,2023.044967,Shanghai,Henan
1599,2023.3342670000002,Henan,Fujian
1600,2023.495917,Henan,Hong Kong
1601,2023.591797,Henan,Sichuan
1602,2023.5233070000002,Henan,Guizhou
1603,2023.4000170000002,Henan,Qinghai
1604,2023.476737,Henan,Xinjiang
1605,2023.520577,Shanghai,Sichuan
1606,2023.408247,Shanghai,Sichuan
1607,2023.238027,Shanghai,Anhui
1608,2023.364407,Anhui,Yunnan
1609,2023.3086170000001,Anhui,Beijing
1610,2023.454817,Beijing,Heilongjiang
1611,2023.3616670000001,Anhui,Shanxi
1612,2023.129647,Shanghai,Henan
1613,2023.276947,Henan,Beijing
1614,2023.356187,Beijing,Heilongjiang
1615,2023.397287,Henan,Gansu
1616,2023.421947,Henan,Shanxi
1617,2023.369887,Henan,Taiwan
1618,2023.430157,Taiwan,Yunnan
1619,2023.290807,Henan,Anhui
1620,2023.5287970000002,Anhui,Hong Kong
1621,2023.506877,Anhui,Yunnan
1622,2023.539747,Anhui,Henan
1623,2023.394547,Anhui,Jiangsu
1624,2023.583587,Jiangsu,Sichuan
1625,2023.0987770000002,Shanghai,Jiangsu
1626,2023.457547,Jiangsu,Fujian
1627,2023.1492070000002,Jiangsu,Hubei
1628,2023.317827,Hubei,Henan
1629,2023.254817,Hubei,Anhui
1630,2023.531527,Hubei,Anhui
1631,2023.430157,Hubei,Jiangxi
1632,2023.520567,Hubei,Guizhou
1633,2023.2473870000001,Hubei,Shanghai
1634,2023.3616670000001,Shanghai,Shanxi
1635,2023.231467,Hubei,Anhui
1636,2023.495907,Anhui,Gansu
1637,2023.200777,Hubei,Beijing
1638,2023.408237,Beijing,Gansu
1639,2023.435637,Beijing,Gansu
1640,2023.3945370000001,Beijing,Heilongjiang
1641,2023.4520670000002,Beijing,Heilongjiang
1642,2023.188597,Hubei,Jiangxi
1643,2023.506877,Jiangxi,Fujian
1644,2023.235637,Jiangxi,Fujian
1645,2023.443857,Hubei,Zhejiang
1646,2023.454817,Hubei,Zhejiang
1647,2023.512357,Hubei,Xinjiang
1648,2023.591807,Hubei,Yunnan
1649,2023.5041370000001,Hubei,Taiwan
1650,2023.512357,Hubei,Taiwan
1651,2023.6082370000001,Hubei,Fujian
1652,2023.3342670000002,Hubei,Beijing
1653,2023.3342670000002,Hubei,Beijing
1654,2023.5890670000001,Hubei,Anhui
1655,2023.408247,Hubei,Xinjiang
1656,2023.4849570000001,Hubei,Shanxi
1657,2023.421937,Hubei,Jiangxi
1658,2023.567147,Hubei,Anhui
1659,2023.534267,Hubei,Henan
1660,2023.378097,Hubei,Qinghai
1661,2023.468507,Hubei,Heilongjiang
1662,2023.482207,Hubei,Henan
1663,2023.5233070000002,Hubei,Hong Kong
1664,2023.326047,Hubei,Xinjiang
1665,2023.3424870000001,Hubei,Zhejiang
1666,2023.439247,Hubei,Anhui
1667,2023.597277,Anhui,Henan
1668,2023.564407,Anhui,Henan
1669,2023.328767,Shanghai,Hong Kong
1670,2023.388627,Shanghai,Henan
1671,2023.252927,Shanghai,Sichuan
1672,2023.200947,Shanghai,Beijing
1673,2022.707177,Shanghai,Hubei
1674,2023.328767,Hubei,Zhejiang
1675,2023.665757,Hubei,Shanghai
1676,2023.2328770000001,Hubei,Zhejiang
1677,2023.399997,Hubei,Sichuan
1678,2022.909057,Hubei,Shanghai
1679,2023.3232870000002,Shanghai,Jiangsu
1680,2023.552087,Shanghai,Taiwan
1681,2023.151167,Hubei,Anhui
1682,2023.424097,Hubei,Yunnan
1683,2023.245467,Hubei,Heilongjiang
1684,2023.124137,Hubei,Sichuan
1685,2023.315067,Sichuan,Heilongjiang
1686,2023.342457,Sichuan,Jiangxi
1687,2022.9701670000002,Hubei,Xinjiang
1688,2023.196617,Xinjiang,Gansu
1689,2023.368547,Gansu,Xinjiang
1690,2023.4931470000001,Gansu,Xinjiang
1691,2023.249317,Hubei,Jiangsu
1692,2022.916577,Hubei,Taiwan
1693,2023.723287,Taiwan,Shanghai
1694,2023.709597,Taiwan,Shanghai
1695,2023.052717,Taiwan,Yunnan
1696,2023.698627,Yunnan,Shanghai
1697,2023.5698670000002,Yunnan,Shanghai
1698,2023.438357,Yunnan,Taiwan
1699,2023.2480170000001,Yunnan,Taiwan
1700,2023.2544770000002,Yunnan,Shanghai
1701,2023.608217,Shanghai,Yunnan
1702,2023.1536270000001,Yunnan,Sichuan
1703,2023.3287770000002,Sichuan,Yunnan
1704,2023.7013670000001,Sichuan,Shanghai
1705,2023.567127,Sichuan,Shanghai
1706,2023.638357,Sichuan,Shanghai
1707,2023.2712270000002,Hubei,Beijing
1708,2023.172597,Hubei,Tianjin
1709,2023.123347,Hubei,Zhejiang
1710,2023.306847,Zhejiang,Liaoning
1711,2023.599987,Hubei,Taiwan
1712,2023.273967,Hubei,Zhejiang
1713,2022.913737,Hubei,Yunnan
1714,2023.147897,Yunnan,Tianjin
1715,2023.3561670000001,Yunnan,Shanghai
1716,2022.917737,Hubei,Sichuan
1717,2023.1789270000002,Sichuan,Xinjiang
1718,2023.378077,Sichuan,Shanghai
1719,2023.345207,Sichuan,Hubei
1720,2023.347937,Sichuan,Jiangxi
1721,2023.364377,Sichuan,Yunnan
1722,2023.312327,Sichuan,Jiangxi
1723,2023.367117,Sichuan,Yunnan
1724,2023.3753370000002,Sichuan,Shanghai
1725,2023.312327,Sichuan,Beijing
1726,2023.339727,Sichuan,Shanghai
1727,2023.3369870000001,Sichuan,Beijing
1728,2023.3242970000001,Sichuan,Hubei
1729,2023.364387,Hubei,Shanghai
1730,2023.3454570000001,Hubei,Shanghai
1731,2023.197257,Hubei,Heilongjiang
1732,2023.227397,Hubei,Jiangsu
1733,2023.4273870000002,Hubei,Qinghai
1734,2023.235607,Hubei,Hebei
1735,2023.463007,Hubei,Shanxi
1736,2023.1518370000001,Hubei,Liaoning
1737,2023.4219170000001,Liaoning,Shanxi
1738,2023.197257,Hubei,Hebei
1739,2023.029727,Hubei,Qinghai
1740,2023.632867,Qinghai,Gansu
1741,2023.4739670000001,Qinghai,Shanxi
1742,2023.5917670000001,Qinghai,Sichuan
1743,2023.328757,Qinghai,Shanxi
1744,2023.7068370000002,Qinghai,Gansu
1745,2023.401887,Qinghai,Gansu
1746,2023.3561570000002,Hubei,Guangdong
1747,2023.4219170000001,Hubei,Jiangxi
1748,2023.463007,Hubei,Shanxi
1749,2023.328767,Hubei,Zhejiang
1750,2023.339727,Hubei,Guangdong
1751,2023.605477,Hubei,Fujian
1752,2023.1630870000001,Hubei,Zhejiang
1753,2023.134337,Hubei,Anhui
1754,2023.482187,Anhui,Shanxi
1755,2023.520547,Anhui,Hong Kong
1756,2023.4219170000001,Anhui,Jiangsu
1757,2023.3561570000002,Hubei,Guangdong
1758,2023.539727,Hubei,Taiwan
1759,2023.219487,Hubei,Jiangxi
1760,2023.506847,Jiangxi,Fujian
1761,2023.5123270000001,Hubei,Xinjiang
1762,2023.656717,Hubei,Shanghai
1763,2023.690407,Hubei,Shanghai
1764,2023.264077,Hubei,Zhejiang
1765,2023.4219170000001,Zhejiang,Shanxi
1766,2023.632877,Zhejiang,Gansu
1767,2023.364377,Hubei,Shanxi
1768,2023.326027,Hubei,Jiangsu
1769,2023.3232870000002,Hubei,Guangdong
1770,2023.397257,Hubei,Gansu
1771,2023.4547870000001,Hubei,Hong Kong
1772,2023.4273870000002,Hubei,Henan
1773,2023.3369770000002,Hubei,Anhui
1774,2023.5972470000002,Anhui,Yunnan
1775,2023.256887,Hubei,Jiangxi
1776,2023.452047,Jiangxi,Fujian
1777,2023.610007,Jiangxi,Yunnan
1778,2023.246767,Hubei,Beijing
1779,2023.405467,Beijing,Qinghai
1780,2023.345197,Beijing,Guangdong
1781,2023.4273870000002,Beijing,Jiangxi
1782,2023.378077,Beijing,Jiangsu
1783,2023.090367,Hubei,Heilongjiang
1784,2023.3753470000001,Hubei,Jiangsu
1785,2023.5452070000001,Hubei,Taiwan
1786,2023.3395170000001,Hubei,Heilongjiang
1787,2023.326027,Hubei,Fujian
1788,2023.208487,Hubei,Zhejiang
1789,2023.3232870000002,Hubei,Anhui
1790,2023.4219170000001,Hubei,Jiangxi
1791,2023.416437,Hubei,Shanghai
1792,2023.345197,Hubei,Guangdong
1793,2023.342457,Hubei,Beijing
1794,2023.345197,Hubei,Beijing
1795,2023.3561570000002,Hubei,Beijing
1796,2023.3424670000002,Hubei,Sichuan
1797,2023.3753370000002,Hubei,Yunnan
1798,2023.323277,Hubei,Sichuan
1799,2023.339717,Hubei,Shanghai
1800,2023.313497,Hubei,Sichuan
1801,2023.267227,Hubei,Jiangxi
1802,2023.345207,Jiangxi,Fujian
1803,2023.3698570000001,Jiangxi,Fujian
1804,2023.3041070000002,Hubei,Guangdong
1805,2023.2377270000002,Hubei,Jiangxi
1806,2023.347947,Jiangxi,Fujian
1807,2023.326027,Hubei,Guangdong
1808,2023.372607,Hubei,Fujian
1809,2023.3232870000002,Hubei,Guangdong
1810,2023.3369770000002,Hubei,Beijing
1811,2023.271647,Hubei,Shanghai
1812,2023.350687,Shanghai,Guangdong
1813,2023.4219170000001,Shanghai,Yunnan
1814,2023.432877,Shanghai,Jiangxi
1815,2023.334257,Shanghai,Yunnan
1816,2023.3753570000001,Shanghai,Fujian
1817,2023.306847,Hubei,Beijing
1818,2022.943497,Hubei,Gansu
1819,2023.090367,Gansu,Tianjin
1820,2023.495887,Gansu,Qinghai
1821,2023.495887,Gansu,Qinghai
1822,2023.4602770000001,Gansu,Zhejiang
1823,2023.345207,Gansu,Jiangxi
1824,2023.5123270000001,Hubei,Sichuan
1825,2023.397257,Hubei,Heilongjiang
1826,2023.4602670000002,Hubei,Gansu
1827,2023.430137,Hubei,Qinghai
1828,2023.3698570000001,Hubei,Taiwan
1829,2023.410957,Hubei,Xinjiang
1830,2023.432877,Hubei,Heilongjiang
1831,2023.4219170000001,Hubei,Sichuan
1832,2023.364387,Hubei,Shanxi
1833,2023.203937,Hubei,Xinjiang
1834,2023.301367,Xinjiang,Gansu
1835,2023.457537,Hubei,Taiwan
1836,2023.243837,Hubei,Shanghai
1837,2023.326027,Shanghai,Guangdong
1838,2023.1388470000002,Hubei,Hong Kong
1839,2023.4794470000002,Hong Kong,Xinjiang
1840,2023.2309770000002,Hong Kong,Anhui
1841,2023.342457,Anhui,Heilongjiang
1842,2023.452047,Anhui,Yunnan
1843,2023.167117,Hong Kong,Hubei
1844,2023.326027,Hubei,Guangdong
1845,2023.320547,Hubei,Anhui
1846,2023.339727,Hubei,Beijing
1847,2023.4410970000001,Hubei,Heilongjiang
1848,2023.194817,Hong Kong,Sichuan
1849,2023.515067,Sichuan,Yunnan
1850,2023.3023170000001,Sichuan,Fujian
1851,2023.006087,Hubei,Henan
1852,2023.435617,Henan,Gansu
1853,2023.339727,Henan,Beijing
1854,2023.599997,Henan,Taiwan
1855,2023.347947,Henan,Jiangsu
1856,2023.526027,Henan,Hong Kong
1857,2023.133397,Henan,Hubei
1858,2023.438357,Hubei,Jiangxi
1859,2023.351767,Hubei,Jiangsu
1860,2023.509587,Jiangsu,Gansu
1861,2023.443837,Hubei,Zhejiang
1862,2023.5041170000002,Hubei,Xinjiang
1863,2023.476717,Hubei,Jiangsu
1864,2023.3369870000001,Henan,Anhui
1865,2023.350687,Henan,Beijing
1866,2023.435617,Henan,Hubei
1867,2023.553427,Henan,Hubei
1868,2023.4219170000001,Henan,Shanxi
1869,2023.3945170000002,Henan,Gansu
1870,2023.471237,Henan,Jiangsu
1871,2023.3945170000002,Henan,Qinghai
1872,2023.4410970000001,Henan,Anhui
1873,2023.241087,Shanghai,Taiwan
1874,2023.065597,Shanghai,Henan
1875,2023.5506770000002,Henan,Hong Kong
1876,2023.4876570000001,Henan,Hong Kong
1877,2023.3369770000002,Henan,Anhui
1878,2023.358897,Henan,Beijing
1879,2023.2343270000001,Henan,Yunnan
1880,2023.3561570000002,Henan,Beijing
1881,2023.4410870000002,Henan,Fujian
1882,2023.452047,Henan,Fujian
1883,2023.3314970000001,Henan,Beijing
1884,2023.3506670000002,Henan,Guangdong
1885,2023.224537,Henan,Jiangsu
1886,2023.308277,Jiangsu,Guangdong
1887,2023.484917,Guangdong,Hong Kong
1888,2023.504097,Guangdong,Hong Kong
1889,2023.3369770000002,Jiangsu,Anhui
1890,2023.345207,Jiangsu,Guangdong
1891,2023.347937,Jiangsu,Guangdong
1892,2023.347937,Jiangsu,Anhui
1893,2023.3228470000001,Jiangsu,Yunnan
1894,2023.523287,Jiangsu,Hong Kong
1895,2023.313187,Jiangsu,Guangdong
1896,2023.471227,Guangdong,Fujian
1897,2023.594517,Guangdong,Hong Kong
1898,2023.495887,Guangdong,Hong Kong
1899,2023.624647,Shanghai,Taiwan
1900,2022.8429270000001,Shanghai,Zhejiang
1901,2023.315067,Zhejiang,Guangdong
1902,2023.347947,Zhejiang,Shanxi
1903,2023.227397,Zhejiang,Sichuan
1904,2023.3698570000001,Zhejiang,Shanghai
1905,2023.452057,Shanghai,Henan
1906,2023.3701270000001,Shanghai,Henan
1907,2023.413697,Shanghai,Henan
1908,2023.430137,Shanghai,Henan
1909,2023.3232870000002,Shanghai,Guangdong
1910,2023.347947,Shanghai,Beijing
1911,2023.274807,Shanghai,Heilongjiang
1912,2023.174087,Shanghai,Heilongjiang
1913,2023.353417,Shanghai,Beijing
1914,2023.235467,Shanghai,Guangdong
1915,2023.594517,Guangdong,Shanghai
1916,2023.3314970000001,Shanghai,Beijing
1917,2023.282187,Shanghai,Henan
1918,2023.024637,Shanghai,Taiwan
1919,2022.948537,Shanghai,Hong Kong
1920,2023.284897,Hong Kong,Liaoning
1921,2023.345197,Hong Kong,Beijing
1922,2023.361627,Hong Kong,Guangdong
1923,2023.309577,Hong Kong,Guangdong
1924,2023.7068370000002,Hong Kong,Gansu
1925,2023.360437,Hong Kong,Shanghai
1926,2023.463007,Hong Kong,Shanxi
1927,2023.501357,Hong Kong,Taiwan
1928,2023.280387,Hong Kong,Guangdong
1929,2023.101367,Hong Kong,Taiwan
1930,2023.1696470000002,Taiwan,Hubei
1931,2023.4602770000001,Hubei,Zhejiang
1932,2023.4356070000001,Hubei,Yunnan
1933,2023.509587,Hubei,Shanxi
1934,2023.2772770000001,Hubei,Heilongjiang
1935,2023.487667,Heilongjiang,Sichuan
1936,2023.232187,Hubei,Xinjiang
1937,2023.4219170000001,Xinjiang,Yunnan
1938,2023.452047,Xinjiang,Heilongjiang
1939,2023.380817,Hubei,Yunnan
1940,2023.495887,Hubei,Xinjiang
1941,2023.501367,Hubei,Qinghai
1942,2023.310107,Hubei,Qinghai
1943,2023.561637,Qinghai,Henan
1944,2023.2441270000002,Hubei,Zhejiang
1945,2023.638357,Zhejiang,Guizhou
1946,2023.2783470000002,Zhejiang,Jiangxi
1947,2023.3226570000002,Jiangxi,Fujian
1948,2023.591777,Hubei,Xinjiang
1949,2023.605477,Hubei,Fujian
1950,2023.3890370000001,Hubei,Sichuan
1951,2023.515057,Hubei,Hong Kong
1952,2023.515067,Hubei,Yunnan
1953,2023.303947,Hubei,Shanghai
1954,2023.3506770000001,Shanghai,Anhui
1955,2023.515067,Shanghai,Yunnan
1956,2023.432877,Shanghai,Heilongjiang
1957,2023.698627,Shanghai,Qinghai
1958,2023.487677,Hubei,Tianjin
1959,2023.5506870000002,Hubei,Guizhou
1960,2023.432877,Hubei,Gansu
1961,2023.7068470000002,Hubei,Gansu
1962,2023.361497,Hubei,Heilongjiang
1963,2023.482197,Heilongjiang,Tianjin
1964,2023.3135570000002,Hubei,Jiangsu
1965,2023.490407,Jiangsu,Tianjin
1966,2023.402747,Jiangsu,Yunnan
1967,2023.331517,Jiangsu,Guangdong
1968,2023.338527,Guangdong,Hubei
1969,2023.594527,Hubei,Taiwan
1970,2023.6082270000002,Hubei,Hong Kong
1971,2023.457547,Hubei,Zhejiang
1972,2023.463027,Hubei,Zhejiang
1973,2023.4849370000002,Hubei,Tianjin
1974,2023.4849370000002,Hubei,Tianjin
1975,2023.378087,Hubei,Gansu
1976,2023.471237,Gansu,Tianjin
1977,2023.6739770000001,Hubei,Hong Kong
1978,2023.473977,Hubei,Jiangsu
1979,2023.589037,Hubei,Henan
1980,2023.457537,Hubei,Gansu
1981,2023.380817,Hubei,Henan
1982,2023.452057,Hubei,Heilongjiang
1983,2023.386297,Hubei,Beijing
1984,2023.3753470000001,Hubei,Fujian
1985,2023.3424670000002,Hubei,Beijing
1986,2023.6164370000001,Hubei,Hong Kong
1987,2023.4931470000001,Hubei,Jiangsu
1988,2023.349707,Hubei,Jiangsu
1989,2023.515067,Jiangsu,Qinghai
1990,2023.2472970000001,Hubei,Qinghai
1991,2023.457537,Hubei,Gansu
1992,2023.520547,Hubei,Guizhou
1993,2023.413697,Hubei,Jiangxi
1994,2023.386297,Hubei,Gansu
1995,2023.264527,Hubei,Gansu
1996,2023.526027,Gansu,Qinghai
1997,2023.272997,Hubei,Gansu
1998,2023.619177,Hubei,Guizhou
1999,2023.413697,Hubei,Jiangxi
2000,2023.501367,Hubei,Hong Kong
2001,2023.4986270000002,Hubei,Qinghai
2002,2023.5890470000002,Hubei,Henan
2003,2023.665667,Hubei,Shanghai
2004,2023.244617,Hubei,Xinjiang
2005,2023.698637,Xinjiang,Shanghai
2006,2023.605487,Xinjiang,Qinghai
2007,2023.270737,Hubei,Henan
2008,2023.5178070000002,Henan,Shanxi
2009,2023.4849370000002,Hubei,Shanxi
2010,2023.421927,Hubei,Gansu
2011,2023.4520670000002,Hubei,Henan
2012,2023.3479570000002,Hubei,Beijing
2013,2023.306217,Hubei,Guangdong
2014,2023.386307,Guangdong,Beijing
2015,2023.315077,Guangdong,Jiangsu
2016,2023.761637,Hubei,Shanxi
2017,2023.529757,Hubei,Gansu
2018,2023.515067,Hubei,Jiangsu
2019,2023.353877,Hubei,Sichuan
2020,2023.7013670000001,Sichuan,Gansu
2021,2023.607037,Sichuan,Gansu
2022,2023.3232870000002,Hubei,Sichuan
2023,2023.3232870000002,Hubei,Shanghai
2024,2023.413697,Hubei,Shanxi
2025,2023.413697,Hubei,Jiangsu
2026,2023.413697,Hubei,Heilongjiang
2027,2023.509587,Heilongjiang,Shanxi
2028,2023.599997,Hubei,Hong Kong
2029,2023.443837,Hubei,Qinghai
2030,2023.632877,Hubei,Gansu
2031,2023.586297,Hubei,Gansu
2032,2023.373507,Hubei,Guangdong
2033,2023.471217,Guangdong,Anhui
2034,2023.394507,Guangdong,Beijing
2035,2023.399987,Beijing,Henan
2036,2023.413687,Henan,Heilongjiang
2037,2023.490397,Heilongjiang,Shanxi
2038,2023.539717,Shanxi,Hong Kong
2039,2023.2025370000001,Hubei,Henan
2040,2023.750687,Henan,Shanxi
2041,2023.7589070000001,Henan,Taiwan
2042,2023.753427,Henan,Hong Kong
2043,2023.805487,Henan,Gansu
2044,2023.652057,Henan,Gansu
2045,2023.7013670000001,Henan,Shanxi
2046,2023.794527,Henan,Gansu
2047,2023.756167,Henan,Shanxi
2048,2023.447367,Henan,Anhui
2049,2023.799997,Henan,Gansu
2050,2023.608217,Henan,Shanghai
2051,2023.6876670000001,Henan,Guizhou
2052,2023.5972570000001,Henan,Yunnan
2053,2023.302877,Henan,Shanghai
2054,2023.665757,Shanghai,Fujian
2055,2023.5606770000002,Shanghai,Fujian
2056,2023.6547970000001,Fujian,Shanghai
2057,2023.802737,Henan,Gansu
2058,2023.704107,Henan,Shanxi
2059,2023.794517,Henan,Gansu
2060,2023.490367,Henan,Hubei
2061,2023.769867,Hubei,Shanghai
2062,2023.731507,Hubei,Fujian
2063,2023.767127,Hubei,Sichuan
2064,2023.7397270000001,Hubei,Henan
2065,2023.619607,Hubei,Henan
2066,2023.739737,Henan,Hubei
2067,2023.567117,Henan,Shanxi
2068,2023.5835570000002,Henan,Sichuan
2069,2023.756157,Henan,Fujian
2070,2023.454127,Henan,Shanxi
2071,2023.588257,Shanxi,Hong Kong
2072,2023.643827,Henan,Hubei
2073,2023.7780770000002,Henan,Shanghai
2074,2023.7150570000001,Henan,Qinghai
2075,2023.599987,Henan,Guizhou
2076,2023.3736370000001,Henan,Hong Kong
2077,2023.528757,Hong Kong,Jiangsu
2078,2023.805477,Hong Kong,Gansu
2079,2023.783557,Hong Kong,Gansu
2080,2023.6027370000002,Hong Kong,Qinghai
2081,2023.704097,Henan,Fujian
2082,2023.6301270000001,Henan,Yunnan
2083,2023.6876570000002,Henan,Guizhou
2084,2023.6876570000002,Henan,Guizhou
2085,2023.7013570000001,Henan,Shanxi
2086,2023.761627,Henan,Fujian
2087,2023.769857,Henan,Gansu
2088,2023.4600870000002,Henan,Sichuan
2089,2023.586307,Henan,Shanghai
2090,2023.421127,Henan,Sichuan
2091,2023.7452070000002,Sichuan,Fujian
2092,2023.690407,Sichuan,Shanghai
2093,2023.6684870000001,Sichuan,Shanghai
2094,2023.682847,Sichuan,Hubei
2095,2023.7013670000001,Henan,Fujian
2096,2023.4448770000001,Henan,Shanghai
2097,2023.7260270000002,Henan,Shanghai
2098,2023.704107,Henan,Fujian
2099,2023.537227,Henan,Shanghai
2100,2023.7260270000002,Shanghai,Fujian
